"year","trial_name","plot_name","accession_name","rep_number","branch_number","DM_gravity","height_1st_branch","vigor1_5","lodging1_3","plant_type","height","height_wt_leaf","root_skin_color1_3","root_type1_5","cook_time","DM_raw","HCN_linamarase","yield_ha","ppd"
2017,"201729PDGN1_ciat_10","201729PDGN1_ciat_rep1_AM206-5_17","AM206-5",1,NA,33.1942927569207,NA,NA,NA,3,NA,NA,NA,3,NA,34.710335950619,NA,20.8333333333333,NA
2017,"201729PDGN1_ciat_10","201729PDGN1_ciat_rep1_B1PD280-008_2","B1PD280-008",1,NA,37.3306215722121,NA,NA,NA,3,NA,NA,NA,3,NA,39.4763018087492,NA,28.125,NA
2017,"201729PDGN1_ciat_10","201729PDGN1_ciat_rep1_C4_13","C4",1,NA,39.1079097049413,NA,NA,NA,4,NA,NA,NA,4,NA,44.0622996396038,NA,27.8645833333333,NA
2017,"201729PDGN1_ciat_10","201729PDGN1_ciat_rep1_CM523-7_15","CM523-7_is_Catumare",1,NA,39.5893181818182,NA,NA,NA,3,NA,NA,NA,3,NA,41.7975070107661,NA,31.7708333333333,NA
2017,"201729PDGN1_ciat_10","201729PDGN1_ciat_rep1_COL22_16","COL22",1,NA,36.341760977818,NA,NA,NA,4,NA,NA,NA,4,NA,40.1618045148725,NA,37.2395833333333,NA
2017,"201729PDGN1_ciat_10","201729PDGN1_ciat_rep1_CPDCR1B-008_1","CPDCR1B-008",1,NA,40.6996889580093,NA,NA,NA,4,NA,NA,NA,4,NA,43.997734133986,NA,14.84375,NA
2017,"201729PDGN1_ciat_10","201729PDGN1_ciat_rep1_CPDCR1B-015_12","CPDCR1B-015",1,NA,40.5576923076923,NA,NA,NA,3,NA,NA,NA,4,NA,40.6000321211387,NA,23.9583333333333,NA
2017,"201729PDGN1_ciat_10","201729PDGN1_ciat_rep1_CPDCR1B-027_5","CPDCR1B-027",1,NA,31.65,NA,NA,NA,3,NA,NA,NA,2,NA,37.038469510424,NA,4.94791666666667,NA
2017,"201729PDGN1_ciat_10","201729PDGN1_ciat_rep1_CPDCR1B-043_4","CPDCR1B-043",1,NA,37.8510364426613,NA,NA,NA,4,NA,NA,NA,2,NA,39.7677916555806,NA,26.5625,NA
2017,"201729PDGN1_ciat_10","201729PDGN1_ciat_rep1_CPDCR1B-065_9","CPDCR1B-065",1,NA,37.6299776286353,NA,NA,NA,4,NA,NA,NA,4,NA,40.0324551304745,NA,31.5104166666667,NA
2017,"201729PDGN1_ciat_10","201729PDGN1_ciat_rep1_CPDCR1B-068_3","CPDCR1B-068",1,NA,39.9623440134907,NA,NA,NA,3,NA,NA,NA,4,NA,43.8355994960562,NA,20.8333333333333,NA
2017,"201729PDGN1_ciat_10","201729PDGN1_ciat_rep1_CPDCR5B-016_7","CPDCR5B-016",1,NA,33.2237525354969,NA,NA,NA,3,NA,NA,NA,4,NA,38.5089280597325,NA,27.8645833333333,NA
2017,"201729PDGN1_ciat_10","201729PDGN1_ciat_rep1_CPDCR5B-043_6","CPDCR5B-043",1,NA,37.2190779014308,NA,NA,NA,3,NA,NA,NA,3,NA,41.5076459955047,NA,24.7395833333333,NA
2017,"201729PDGN1_ciat_10","201729PDGN1_ciat_rep1_CPDCR5B-053_11","CPDCR5B-053",1,NA,38.657225691347,NA,NA,NA,3,NA,NA,NA,4,NA,37.3230721891777,NA,29.9479166666667,NA
2017,"201729PDGN1_ciat_10","201729PDGN1_ciat_rep1_CPDCR5B-069A_10","CPDCR5B-069A",1,NA,35.3818578916715,NA,NA,NA,4,NA,NA,NA,3,NA,35.4928777699872,NA,38.0208333333333,NA
2017,"201729PDGN1_ciat_10","201729PDGN1_ciat_rep1_CPDCR5B-096_8","CPDCR5B-096",1,NA,35.4835162950257,NA,NA,NA,3,NA,NA,NA,3,NA,35.2749860764923,NA,27.6041666666667,NA
2017,"201729PDGN1_ciat_10","201729PDGN1_ciat_rep1_HMC1_18","HMC1P12_is_HMC1",1,NA,38.0424348378894,NA,NA,NA,5,NA,NA,NA,3,NA,41.547372408045,NA,40.625,NA
2017,"201729PDGN1_ciat_10","201729PDGN1_ciat_rep1_PER183_14","PER183",1,NA,34.6103165938864,NA,NA,NA,3,NA,NA,NA,4,NA,33.8257632055007,NA,52.6041666666667,NA
2022,"201835PDGN1_ciat_10","201835PDGN1_ciat_rep1_AM206-5_52","AM206-5",1,3,29.9231865650578,60,3,NA,4,140,NA,NA,4,NA,NA,NA,12.2395833333333,NA
2022,"201835PDGN1_ciat_10","201835PDGN1_ciat_rep1_B1PD280-008_1","B1PD280-008",1,3,36.2508199210446,50,3,NA,3,180,NA,NA,3,NA,NA,NA,38.28125,NA
2022,"201835PDGN1_ciat_10","201835PDGN1_ciat_rep1_C4_48","C4",1,4,36.7429081913139,45,4,NA,3,120,NA,NA,3,NA,NA,NA,22.9166666666667,NA
2022,"201835PDGN1_ciat_10","201835PDGN1_ciat_rep1_CM523-7_53","CM523-7_is_Catumare",1,3,39.0616743471582,65,2,NA,2,175,NA,NA,3,NA,NA,NA,26.8229166666667,NA
2022,"201835PDGN1_ciat_10","201835PDGN1_ciat_rep1_COL22_50","COL22",1,2,35.6698243412798,65,4,NA,3,130,NA,NA,3,NA,NA,NA,27.34375,NA
2022,"201835PDGN1_ciat_10","201835PDGN1_ciat_rep1_CPDCR1B-002_2","CPDCR1B-002",1,4,32.9441328175371,30,2,NA,3,150,NA,NA,3,NA,NA,NA,26.0416666666667,NA
2022,"201835PDGN1_ciat_10","201835PDGN1_ciat_rep1_CPDCR1B-008_3","CPDCR1B-008",1,4,36.8310047095761,20,3,NA,5,145,NA,NA,3,NA,NA,NA,23.9583333333333,NA
2022,"201835PDGN1_ciat_10","201835PDGN1_ciat_rep1_CPDCR1B-013_4","CPDCR1B-013",1,4,38.1172227099795,65,1,NA,3,185,NA,NA,3,NA,NA,NA,32.5520833333333,NA
2022,"201835PDGN1_ciat_10","201835PDGN1_ciat_rep1_CPDCR1B-015_5","CPDCR1B-015",1,5,36.9076242147344,20,3,NA,5,180,NA,NA,3,NA,NA,NA,21.6145833333333,NA
2022,"201835PDGN1_ciat_10","201835PDGN1_ciat_rep1_CPDCR1B-018_6","CPDCR1B-018",1,4,39.4201298701298,30,3,NA,3,165,NA,NA,3,NA,NA,NA,37.7604166666667,NA
2022,"201835PDGN1_ciat_10","201835PDGN1_ciat_rep1_CPDCR1B-026_7","CPDCR1B-026",1,4,35.7757902973396,30,3,NA,4,170,NA,NA,3,NA,NA,NA,28.125,NA
2022,"201835PDGN1_ciat_10","201835PDGN1_ciat_rep1_CPDCR1B-027_8","CPDCR1B-027",1,5,37.1294252873563,20,2,NA,4,175,NA,NA,3,NA,NA,NA,54.6875,NA
2022,"201835PDGN1_ciat_10","201835PDGN1_ciat_rep1_CPDCR1B-028_9","CPDCR1B-028",1,4,41.2692348565356,30,2,NA,4,140,NA,NA,3,NA,NA,NA,29.9479166666667,NA
2022,"201835PDGN1_ciat_10","201835PDGN1_ciat_rep1_CPDCR1B-043_10","CPDCR1B-043",1,4,34.8201353243117,35,3,NA,4,140,NA,NA,3,NA,NA,NA,39.84375,NA
2022,"201835PDGN1_ciat_10","201835PDGN1_ciat_rep1_CPDCR1B-046_11","CPDCR1B-046",1,4,37.2801183431952,30,3,NA,4,190,NA,NA,3,NA,NA,NA,32.5520833333333,NA
2022,"201835PDGN1_ciat_10","201835PDGN1_ciat_rep1_CPDCR1B-047_12","CPDCR1B-047",1,3,40.1064572766289,40,2,NA,3,150,NA,NA,3,NA,NA,NA,24.7395833333333,NA
2022,"201835PDGN1_ciat_10","201835PDGN1_ciat_rep1_CPDCR1B-048_13","CPDCR1B-048",1,4,36.7748587570621,30,3,NA,3,175,NA,NA,3,NA,NA,NA,39.0625,NA
2022,"201835PDGN1_ciat_10","201835PDGN1_ciat_rep1_CPDCR1B-051_14","CPDCR1B-051",1,5,37.7909090909091,40,2,NA,3,175,NA,NA,3,NA,NA,NA,40.8854166666667,NA
2022,"201835PDGN1_ciat_10","201835PDGN1_ciat_rep1_CPDCR1B-052_15","CPDCR1B-052",1,4,33.7401882135143,25,2,NA,3,185,NA,NA,3,NA,NA,NA,49.4791666666667,NA
2022,"201835PDGN1_ciat_10","201835PDGN1_ciat_rep1_CPDCR1B-054_16","CPDCR1B-054",1,4,35.0979614529281,20,2,NA,2,200,NA,NA,3,NA,NA,NA,37.5,NA
2022,"201835PDGN1_ciat_10","201835PDGN1_ciat_rep1_CPDCR1B-061_17","CPDCR1B-061",1,4,32.1970203488372,25,3,NA,4,130,NA,NA,3,NA,NA,NA,36.1979166666667,NA
2022,"201835PDGN1_ciat_10","201835PDGN1_ciat_rep1_CPDCR1B-062_18","CPDCR1B-062",1,4,34.1297854588796,35,2,NA,4,160,NA,NA,3,NA,NA,NA,32.5520833333333,NA
2022,"201835PDGN1_ciat_10","201835PDGN1_ciat_rep1_CPDCR1B-064_19","CPDCR1B-064",1,4,37.7909090909091,40,2,NA,4,145,NA,NA,3,NA,NA,NA,35.4166666666667,NA
2022,"201835PDGN1_ciat_10","201835PDGN1_ciat_rep1_CPDCR1B-065_20","CPDCR1B-065",1,3,36.923708381171,55,4,NA,3,170,NA,NA,3,NA,NA,NA,30.9895833333333,NA
2022,"201835PDGN1_ciat_10","201835PDGN1_ciat_rep1_CPDCR1B-067_21","CPDCR1B-067",1,4,37.647609561753,40,3,NA,3,140,NA,NA,3,NA,NA,NA,36.9791666666667,NA
2022,"201835PDGN1_ciat_10","201835PDGN1_ciat_rep1_CPDCR1B-068_22","CPDCR1B-068",1,4,39.9804680330376,55,2,NA,3,210,NA,NA,3,NA,NA,NA,41.6666666666667,NA
2022,"201835PDGN1_ciat_10","201835PDGN1_ciat_rep1_CPDCR1B-074_23","CPDCR1B-074",1,4,37.1332630098453,20,4,NA,5,130,NA,NA,4,NA,NA,NA,15.8854166666667,NA
2022,"201835PDGN1_ciat_10","201835PDGN1_ciat_rep1_CPDCR1B-076_24","CPDCR1B-076",1,4,40.0974656958835,45,3,NA,2,195,NA,NA,3,NA,NA,NA,38.8020833333333,NA
2022,"201835PDGN1_ciat_10","201835PDGN1_ciat_rep1_CPDCR1B-080_25","CPDCR1B-080",1,3,29.6106018194541,30,2,NA,4,170,NA,NA,3,NA,NA,NA,33.0729166666667,NA
2022,"201835PDGN1_ciat_10","201835PDGN1_ciat_rep1_CPDCR1B-082_26","CPDCR1B-082",1,3,38.0281662269129,25,3,NA,5,100,NA,NA,3,NA,NA,NA,17.7083333333333,NA
2022,"201835PDGN1_ciat_10","201835PDGN1_ciat_rep1_CPDCR1B-083_27","CPDCR1B-083",1,4,35.0929459774582,30,3,NA,3,150,NA,NA,3,NA,NA,NA,27.34375,NA
2022,"201835PDGN1_ciat_10","201835PDGN1_ciat_rep1_CPDCR1B-086_28","CPDCR1B-086",1,3,33.3996211058097,30,3,NA,5,110,NA,NA,3,NA,NA,NA,15.625,NA
2022,"201835PDGN1_ciat_10","201835PDGN1_ciat_rep1_CPDCR1B-087_29","CPDCR1B-087",1,3,40.250168406871,65,2,NA,3,150,NA,NA,4,NA,NA,NA,25,NA
2022,"201835PDGN1_ciat_10","201835PDGN1_ciat_rep1_CPDCR5B-002_30","CPDCR5B-002",1,4,39.6500994035785,90,2,NA,2,200,NA,NA,3,NA,NA,NA,29.6875,NA
2022,"201835PDGN1_ciat_10","201835PDGN1_ciat_rep1_CPDCR5B-014_31","CPDCR5B-014",1,3,38.6359765051395,60,3,NA,3,190,NA,NA,3,NA,NA,NA,40.8854166666667,NA
2022,"201835PDGN1_ciat_10","201835PDGN1_ciat_rep1_CPDCR5B-016_32","CPDCR5B-016",1,4,34.0340145322434,35,2,NA,5,130,NA,NA,4,NA,NA,NA,15.625,NA
2022,"201835PDGN1_ciat_10","201835PDGN1_ciat_rep1_CPDCR5B-023_33","CPDCR5B-023",1,4,36.8250300601202,45,2,NA,4,130,NA,NA,3,NA,NA,NA,28.125,NA
2022,"201835PDGN1_ciat_10","201835PDGN1_ciat_rep1_CPDCR5B-025_34","CPDCR5B-025",1,4,37.3434199612938,45,2,NA,3,155,NA,NA,3,NA,NA,NA,24.7395833333333,NA
2022,"201835PDGN1_ciat_10","201835PDGN1_ciat_rep1_CPDCR5B-027_35","CPDCR5B-027",1,3,31.4455320128973,65,1,NA,2,185,NA,NA,4,NA,NA,NA,7.55208333333333,NA
2022,"201835PDGN1_ciat_10","201835PDGN1_ciat_rep1_CPDCR5B-029_36","CPDCR5B-029",1,4,38.7067861557478,55,2,NA,3,200,NA,NA,3,NA,NA,NA,41.40625,NA
2022,"201835PDGN1_ciat_10","201835PDGN1_ciat_rep1_CPDCR5B-036_37","CPDCR5B-036",1,4,36.0306165703275,60,2,NA,3,160,NA,NA,4,NA,NA,NA,20.3125,NA
2022,"201835PDGN1_ciat_10","201835PDGN1_ciat_rep1_CPDCR5B-043_38","CPDCR5B-043",1,4,33.2466424368293,30,2,NA,3,185,NA,NA,3,NA,NA,NA,17.1875,NA
2022,"201835PDGN1_ciat_10","201835PDGN1_ciat_rep1_CPDCR5B-051_39","CPDCR5B-051",1,4,38.5926594926979,55,2,NA,4,140,NA,NA,3,NA,NA,NA,20.8333333333333,NA
2022,"201835PDGN1_ciat_10","201835PDGN1_ciat_rep1_CPDCR5B-053_40","CPDCR5B-053",1,4,36.0595593220339,85,3,NA,3,270,NA,NA,3,NA,NA,NA,16.40625,NA
2022,"201835PDGN1_ciat_10","201835PDGN1_ciat_rep1_CPDCR5B-061_41","CPDCR5B-061",1,4,38.9706896551724,50,1,NA,3,225,NA,NA,3,NA,NA,NA,20.5729166666667,NA
2022,"201835PDGN1_ciat_10","201835PDGN1_ciat_rep1_CPDCR5B-065_42","CPDCR5B-065",1,3,38.0111224489796,80,3,NA,2,275,NA,NA,3,NA,NA,NA,29.6875,NA
2022,"201835PDGN1_ciat_10","201835PDGN1_ciat_rep1_CPDCR5B-069A_43","CPDCR5B-069A",1,4,34.5794642857143,35,2,NA,3,140,NA,NA,3,NA,NA,NA,24.7395833333333,NA
2022,"201835PDGN1_ciat_10","201835PDGN1_ciat_rep1_CPDCR5B-087_44","CPDCR5B-087",1,4,32.7625647221263,40,3,NA,3,215,NA,NA,3,NA,NA,NA,15.3645833333333,NA
2022,"201835PDGN1_ciat_10","201835PDGN1_ciat_rep1_CPDCR5B-089_45","CPDCR5B-089",1,4,39.2259330759331,40,4,NA,3,180,NA,NA,3,NA,NA,NA,23.4375,NA
2022,"201835PDGN1_ciat_10","201835PDGN1_ciat_rep1_CPDCR5B-096_46","CPDCR5B-096",1,4,35.3518820924439,95,3,NA,3,230,NA,NA,3,NA,NA,NA,33.3333333333333,NA
2022,"201835PDGN1_ciat_10","201835PDGN1_ciat_rep1_CPDCR5B-109_47","CPDCR5B-109",1,4,39.9848553502962,60,2,NA,3,210,NA,NA,3,NA,NA,NA,27.8645833333333,NA
2022,"201835PDGN1_ciat_10","201835PDGN1_ciat_rep1_HMC1_49","HMC1P12_is_HMC1",1,3,36.3924572317263,40,3,NA,3,160,NA,NA,3,NA,NA,NA,29.6875,NA
2022,"201835PDGN1_ciat_10","201835PDGN1_ciat_rep1_PER183_51","PER183",1,4,33.5838522954092,50,3,NA,3,180,NA,NA,2,NA,NA,NA,39.0625,NA
2019,"201922PDGN1_ciat_10","201922PDGN1_ciat_rep1_AM206-5_52","AM206-5",1,NA,32.9423348017621,NA,NA,1,2,NA,NA,3,3,NA,NA,NA,17.4479166666667,NA
2019,"201922PDGN1_ciat_10","201922PDGN1_ciat_rep1_B1PD280-008_1","B1PD280-008",1,NA,36.981625,NA,NA,1,4,NA,NA,3,3,NA,NA,NA,33.203125,NA
2019,"201922PDGN1_ciat_10","201922PDGN1_ciat_rep1_C4_48","C4",1,NA,37.1325084745762,NA,NA,1,4,NA,NA,1,4,NA,NA,NA,7.29166666666667,NA
2019,"201922PDGN1_ciat_10","201922PDGN1_ciat_rep1_CM523-7_53","CM523-7_is_Catumare",1,NA,39.7883761011107,NA,NA,1,3,NA,NA,3,3,NA,NA,NA,17.578125,NA
2019,"201922PDGN1_ciat_10","201922PDGN1_ciat_rep1_COL22_50","COL22",1,NA,32.015992414665,NA,NA,1,4,NA,NA,1,3,NA,NA,NA,18.2291666666667,NA
2019,"201922PDGN1_ciat_10","201922PDGN1_ciat_rep1_CPDCR1B-002_2","CPDCR1B-002",1,NA,31.1872870662461,NA,NA,1,4,NA,NA,1,3,NA,NA,NA,16.015625,NA
2019,"201922PDGN1_ciat_10","201922PDGN1_ciat_rep1_CPDCR1B-008_3","CPDCR1B-008",1,NA,34.4826810176125,NA,NA,2,4,NA,NA,3,3,NA,NA,NA,17.578125,NA
2019,"201922PDGN1_ciat_10","201922PDGN1_ciat_rep1_CPDCR1B-013_4","CPDCR1B-013",1,NA,39.3768077601411,NA,NA,1,4,NA,NA,2,3,NA,NA,NA,28.3854166666667,NA
2019,"201922PDGN1_ciat_10","201922PDGN1_ciat_rep1_CPDCR1B-015_5","CPDCR1B-015",1,NA,36.7691509735078,NA,NA,1,4,NA,NA,3,3,NA,NA,NA,22.7864583333333,NA
2019,"201922PDGN1_ciat_10","201922PDGN1_ciat_rep1_CPDCR1B-018_6","CPDCR1B-018",1,NA,34.3355042735043,NA,NA,1,3,NA,NA,3,3,NA,NA,NA,25.5208333333333,NA
2019,"201922PDGN1_ciat_10","201922PDGN1_ciat_rep1_CPDCR1B-026_7","CPDCR1B-026",1,NA,35.1025327665604,NA,NA,2,4,NA,NA,1,3,NA,NA,NA,31.3802083333333,NA
2019,"201922PDGN1_ciat_10","201922PDGN1_ciat_rep1_CPDCR1B-027_8","CPDCR1B-027",1,NA,35.4027777777777,NA,NA,1,4,NA,NA,1,4,NA,NA,NA,21.09375,NA
2019,"201922PDGN1_ciat_10","201922PDGN1_ciat_rep1_CPDCR1B-028_9","CPDCR1B-028",1,NA,37.8568573524019,NA,NA,1,3,NA,NA,1,3,NA,NA,NA,24.7395833333333,NA
2019,"201922PDGN1_ciat_10","201922PDGN1_ciat_rep1_CPDCR1B-043_10","CPDCR1B-043",1,NA,34.4214424635332,NA,NA,1,4,NA,NA,2,3,NA,NA,NA,23.1770833333333,NA
2019,"201922PDGN1_ciat_10","201922PDGN1_ciat_rep1_CPDCR1B-046_11","CPDCR1B-046",1,NA,33.6073758865248,NA,NA,1,4,NA,NA,3,3,NA,NA,NA,21.875,NA
2019,"201922PDGN1_ciat_10","201922PDGN1_ciat_rep1_CPDCR1B-047_12","CPDCR1B-047",1,NA,38.0136222910216,NA,NA,1,4,NA,NA,1,4,NA,NA,NA,16.6666666666667,NA
2019,"201922PDGN1_ciat_10","201922PDGN1_ciat_rep1_CPDCR1B-048_13","CPDCR1B-048",1,NA,36.6941817050404,NA,NA,1,5,NA,NA,3,2,NA,NA,NA,45.3125,NA
2019,"201922PDGN1_ciat_10","201922PDGN1_ciat_rep1_CPDCR1B-051_14","CPDCR1B-051",1,NA,35.4151305683563,NA,NA,1,5,NA,NA,1,2,NA,NA,NA,41.1458333333333,NA
2019,"201922PDGN1_ciat_10","201922PDGN1_ciat_rep1_CPDCR1B-052_15","CPDCR1B-052",1,NA,35.0953200385976,NA,NA,2,4,NA,NA,1,2,NA,NA,NA,38.4114583333333,NA
2019,"201922PDGN1_ciat_10","201922PDGN1_ciat_rep1_CPDCR1B-054_16","CPDCR1B-054",1,NA,39.1008844953174,NA,NA,1,3,NA,NA,1,3,NA,NA,NA,36.0677083333333,NA
2019,"201922PDGN1_ciat_10","201922PDGN1_ciat_rep1_CPDCR1B-061_17","CPDCR1B-061",1,NA,30.3242694497153,NA,NA,1,4,NA,NA,1,3,NA,NA,NA,21.875,NA
2019,"201922PDGN1_ciat_10","201922PDGN1_ciat_rep1_CPDCR1B-062_18","CPDCR1B-062",1,NA,37.4688059701492,NA,NA,2,4,NA,NA,1,2,NA,NA,NA,33.8541666666667,NA
2019,"201922PDGN1_ciat_10","201922PDGN1_ciat_rep1_CPDCR1B-064_19","CPDCR1B-064",1,NA,36.908855585831,NA,NA,1,4,NA,NA,1,2,NA,NA,NA,32.9427083333333,NA
2019,"201922PDGN1_ciat_10","201922PDGN1_ciat_rep1_CPDCR1B-065_20","CPDCR1B-065",1,NA,34.412428115016,NA,NA,2,4,NA,NA,3,2,NA,NA,NA,25.2604166666667,NA
2019,"201922PDGN1_ciat_10","201922PDGN1_ciat_rep1_CPDCR1B-067_21","CPDCR1B-067",1,NA,37.2160180681028,NA,NA,1,4,NA,NA,2,2,NA,NA,NA,30.9895833333333,NA
2019,"201922PDGN1_ciat_10","201922PDGN1_ciat_rep1_CPDCR1B-068_22","CPDCR1B-068",1,NA,39.3945859872611,NA,NA,1,4,NA,NA,2,4,NA,NA,NA,14.0625,NA
2019,"201922PDGN1_ciat_10","201922PDGN1_ciat_rep1_CPDCR1B-074_23","CPDCR1B-074",1,NA,36.2503724394786,NA,NA,3,4,NA,NA,3,3,NA,NA,NA,15.625,NA
2019,"201922PDGN1_ciat_10","201922PDGN1_ciat_rep1_CPDCR1B-076_24","CPDCR1B-076",1,NA,40.3822766570605,NA,NA,3,4,NA,NA,3,3,NA,NA,NA,24.4791666666667,NA
2019,"201922PDGN1_ciat_10","201922PDGN1_ciat_rep1_CPDCR1B-080_25","CPDCR1B-080",1,NA,34.2156287425149,NA,NA,1,4,NA,NA,1,3,NA,NA,NA,35.0260416666667,NA
2019,"201922PDGN1_ciat_10","201922PDGN1_ciat_rep1_CPDCR1B-082_26","CPDCR1B-082",1,NA,33.8705017301038,NA,NA,1,5,NA,NA,1,3,NA,NA,NA,20.8333333333333,NA
2019,"201922PDGN1_ciat_10","201922PDGN1_ciat_rep1_CPDCR1B-083_27","CPDCR1B-083",1,NA,37.3897769516728,NA,NA,2,4,NA,NA,3,4,NA,NA,NA,14.1927083333333,NA
2019,"201922PDGN1_ciat_10","201922PDGN1_ciat_rep1_CPDCR1B-086_28","CPDCR1B-086",1,NA,38.4448760330578,NA,NA,1,3,NA,NA,1,3,NA,NA,NA,33.59375,NA
2019,"201922PDGN1_ciat_10","201922PDGN1_ciat_rep1_CPDCR1B-087_29","CPDCR1B-087",1,NA,36.5800990099009,NA,NA,2,2,NA,NA,2,4,NA,NA,NA,18.6197916666667,NA
2019,"201922PDGN1_ciat_10","201922PDGN1_ciat_rep1_CPDCR5B-002_30","CPDCR5B-002",1,NA,40.4453874538745,NA,NA,2,5,NA,NA,1,4,NA,NA,NA,19.0104166666667,NA
2019,"201922PDGN1_ciat_10","201922PDGN1_ciat_rep1_CPDCR5B-014_31","CPDCR5B-014",1,NA,37.5641235813367,NA,NA,2,4,NA,NA,1,4,NA,NA,NA,21.3541666666667,NA
2019,"201922PDGN1_ciat_10","201922PDGN1_ciat_rep1_CPDCR5B-016_32","CPDCR5B-016",1,NA,30.9318604651162,NA,NA,1,3,NA,NA,1,3,NA,NA,NA,20.5729166666667,NA
2019,"201922PDGN1_ciat_10","201922PDGN1_ciat_rep1_CPDCR5B-023_33","CPDCR5B-023",1,NA,31.7035473642489,NA,NA,1,3,NA,NA,3,3,NA,NA,NA,26.5625,NA
2019,"201922PDGN1_ciat_10","201922PDGN1_ciat_rep1_CPDCR5B-025_34","CPDCR5B-025",1,NA,37.4033606977937,NA,NA,1,4,NA,NA,1,4,NA,NA,NA,15.4947916666667,NA
2019,"201922PDGN1_ciat_10","201922PDGN1_ciat_rep1_CPDCR5B-027_35","CPDCR5B-027",1,NA,40.0248645268862,NA,NA,3,4,NA,NA,2,4,NA,NA,NA,27.2135416666667,NA
2019,"201922PDGN1_ciat_10","201922PDGN1_ciat_rep1_CPDCR5B-029_36","CPDCR5B-029",1,NA,38.2927906976744,NA,NA,3,5,NA,NA,1,5,NA,NA,NA,10.15625,NA
2019,"201922PDGN1_ciat_10","201922PDGN1_ciat_rep1_CPDCR5B-036_37","CPDCR5B-036",1,NA,35.5564128256513,NA,NA,1,5,NA,NA,2,3,NA,NA,NA,25.1302083333333,NA
2019,"201922PDGN1_ciat_10","201922PDGN1_ciat_rep1_CPDCR5B-043_38","CPDCR5B-043",1,NA,28.4473066898349,NA,NA,3,4,NA,NA,2,5,NA,NA,NA,3.64583333333333,NA
2019,"201922PDGN1_ciat_10","201922PDGN1_ciat_rep1_CPDCR5B-051_39","CPDCR5B-051",1,NA,38.1905555555555,NA,NA,2,5,NA,NA,2,4,NA,NA,NA,10.0260416666667,NA
2019,"201922PDGN1_ciat_10","201922PDGN1_ciat_rep1_CPDCR5B-053_40","CPDCR5B-053",1,NA,20.4511001410437,NA,NA,3,5,NA,NA,1,5,NA,NA,NA,3.77604166666667,NA
2019,"201922PDGN1_ciat_10","201922PDGN1_ciat_rep1_CPDCR5B-061_41","CPDCR5B-061",1,NA,37.1478545887962,NA,NA,2,4,NA,NA,1,4,NA,NA,NA,15.4947916666667,NA
2019,"201922PDGN1_ciat_10","201922PDGN1_ciat_rep1_CPDCR5B-065_42","CPDCR5B-065",1,NA,36.2628925009235,NA,NA,3,4,NA,NA,1,5,NA,NA,NA,8.33333333333333,NA
2019,"201922PDGN1_ciat_10","201922PDGN1_ciat_rep1_CPDCR5B-069A_43","CPDCR5B-069A",1,NA,26.4634647887324,NA,NA,1,4,NA,NA,1,4,NA,NA,NA,13.3072916666667,NA
2019,"201922PDGN1_ciat_10","201922PDGN1_ciat_rep1_CPDCR5B-087_44","CPDCR5B-087",1,NA,30.5380658436214,NA,NA,2,4,NA,NA,3,5,NA,NA,NA,4.81770833333333,NA
2019,"201922PDGN1_ciat_10","201922PDGN1_ciat_rep1_CPDCR5B-089_45","CPDCR5B-089",1,NA,42.3155408712677,NA,NA,3,5,NA,NA,2,5,NA,NA,NA,15.3645833333333,NA
2019,"201922PDGN1_ciat_10","201922PDGN1_ciat_rep1_CPDCR5B-096_46","CPDCR5B-096",1,NA,36.7959093584461,NA,NA,2,4,NA,NA,2,4,NA,NA,NA,14.0625,NA
2019,"201922PDGN1_ciat_10","201922PDGN1_ciat_rep1_CPDCR5B-109_47","CPDCR5B-109",1,NA,38.0101381552214,NA,NA,1,5,NA,NA,1,3,NA,NA,NA,17.3177083333333,NA
2019,"201922PDGN1_ciat_10","201922PDGN1_ciat_rep1_HMC1_49","HMC1P12_is_HMC1",1,NA,36.8871859296482,NA,NA,1,3,NA,NA,3,2,NA,NA,NA,38.671875,NA
2019,"201922PDGN1_ciat_10","201922PDGN1_ciat_rep1_PER183_51","PER183",1,NA,31.45127195639,NA,NA,1,2,NA,NA,3,3,NA,NA,NA,19.0104166666667,NA
2013,"201397PDGN1_ciat_10","201397PDGN1_ciat_rep1_B1PD280-008_15","B1PD280-008",1,4,NA,37.5,2,NA,5,180,7.5,NA,NA,NA,32.95,205.617964568905,19.0972222222222,0.439393939393939
2013,"201397PDGN1_ciat_10","201397PDGN1_ciat_rep1_B1PD280-040_6","B1PD280-040",1,4,NA,87.5,3.5,NA,5,242.5,55,NA,NA,NA,40.16,123.772222039204,40.2777777777778,1.57575757575758
2013,"201397PDGN1_ciat_10","201397PDGN1_ciat_rep1_C4_103","C4",1,3,NA,92.5,2,NA,5,160,52.5,NA,NA,NA,36.72,115.273837918494,7.29166666666667,2.58333333333333
2013,"201397PDGN1_ciat_10","201397PDGN1_ciat_rep1_CPDCR1B-008_3","CPDCR1B-008",1,4.5,NA,15,3,NA,5,192.5,0,NA,NA,NA,42.45,102.874553930298,18.75,6.03174603174603
2013,"201397PDGN1_ciat_10","201397PDGN1_ciat_rep1_CPDCR1B-013_42","CPDCR1B-013",1,3.5,NA,100,3.5,NA,4,222.5,27.5,NA,NA,NA,37.17,87.0875159530121,33.3333333333333,4.69117647058824
2013,"201397PDGN1_ciat_10","201397PDGN1_ciat_rep1_CPDCR1B-015_89","CPDCR1B-015",1,3.5,NA,47.5,2,NA,5,250,35,NA,NA,NA,41.01,131.335595612343,13.1944444444444,3.42553191489362
2013,"201397PDGN1_ciat_10","201397PDGN1_ciat_rep1_CPDCR1B-019_4","CPDCR1B-019",1,5,NA,37.5,4,NA,4,197.5,22.5,NA,NA,NA,40.11,261.717408586199,26.7361111111111,2.91379310344828
2013,"201397PDGN1_ciat_10","201397PDGN1_ciat_rep1_CPDCR1B-026_22","CPDCR1B-026",1,4,NA,57.5,4,NA,4,222.5,20,NA,NA,NA,41.01,227.330277581668,17.3611111111111,1.81818181818182
2013,"201397PDGN1_ciat_10","201397PDGN1_ciat_rep1_CPDCR1B-027_35","CPDCR1B-027",1,4.5,NA,15,3,NA,5,222.5,35,NA,NA,NA,38.33,88.8168830117553,20.1388888888889,0.733333333333333
2013,"201397PDGN1_ciat_10","201397PDGN1_ciat_rep1_CPDCR1B-028_17","CPDCR1B-028",1,5.5,NA,60,2.5,NA,4,227.5,27.5,NA,NA,NA,40.18,187.109696646445,15.2777777777778,1.56716417910448
2013,"201397PDGN1_ciat_10","201397PDGN1_ciat_rep1_CPDCR1B-034_11","CPDCR1B-034",1,4,NA,52.5,3,NA,3,225,30,NA,NA,NA,39.18,143.228955595823,24.3055555555556,3.5
2013,"201397PDGN1_ciat_10","201397PDGN1_ciat_rep1_CPDCR1B-043_28","CPDCR1B-043",1,4,NA,72.5,3,NA,4,202.5,30,NA,NA,NA,41.2,95.9584749038111,18.75,1.58571428571429
2013,"201397PDGN1_ciat_10","201397PDGN1_ciat_rep1_CPDCR1B-046_43","CPDCR1B-046",1,2.5,NA,62.5,2.5,NA,5,135,10,NA,NA,NA,38.66,170.513536288388,20.8333333333333,2.55882352941176
2013,"201397PDGN1_ciat_10","201397PDGN1_ciat_rep1_CPDCR1B-048_10","CPDCR1B-048",1,3,NA,120,3,NA,3,230,30,NA,NA,NA,36.39,133.406240006183,23.6111111111111,2.08064516129032
2013,"201397PDGN1_ciat_10","201397PDGN1_ciat_rep1_CPDCR1B-052_12","CPDCR1B-052",1,4,NA,57.5,2,NA,4,215,27.5,NA,NA,NA,40.21,150.992353201954,25.6944444444444,1.43636363636364
2013,"201397PDGN1_ciat_10","201397PDGN1_ciat_rep1_CPDCR1B-054_27","CPDCR1B-054",1,4.5,NA,75,3,NA,4,210,32.5,NA,NA,NA,40.08,83.3849204332731,20.1388888888889,3.41666666666667
2013,"201397PDGN1_ciat_10","201397PDGN1_ciat_rep1_CPDCR1B-062_18","CPDCR1B-062",1,4,NA,65,3.5,NA,4,242.5,0,NA,NA,NA,40.15,177.091824836719,39.9305555555556,1.10606060606061
2013,"201397PDGN1_ciat_10","201397PDGN1_ciat_rep1_CPDCR1B-064_13","CPDCR1B-064",1,3,NA,57.5,2.5,NA,5,137.5,0,NA,NA,NA,41.47,164.071632362726,25.3472222222222,1.71428571428571
2013,"201397PDGN1_ciat_10","201397PDGN1_ciat_rep1_CPDCR1B-065_84","CPDCR1B-065",1,3.5,NA,27.5,2.5,NA,5,135,5,NA,NA,NA,33.56,84.1867457547651,20.8333333333333,1.30188679245283
2013,"201397PDGN1_ciat_10","201397PDGN1_ciat_rep1_CPDCR1B-068_25","CPDCR1B-068",1,5,NA,20,3,NA,4,222.5,32.5,NA,NA,NA,44.76,133.046342703029,28.4722222222222,1.515625
2013,"201397PDGN1_ciat_10","201397PDGN1_ciat_rep1_CPDCR1B-074_38","CPDCR1B-074",1,4.5,NA,110,4,NA,4,250,42.5,NA,NA,NA,42.56,444.574176270259,37.8472222222222,4
2013,"201397PDGN1_ciat_10","201397PDGN1_ciat_rep1_CPDCR1B-075_100","CPDCR1B-075",1,3.5,NA,27.5,3,NA,3,182.5,5,NA,NA,NA,38.3,208.171879976497,30.2083333333333,0.822222222222222
2013,"201397PDGN1_ciat_10","201397PDGN1_ciat_rep1_CPDCR1B-076_9","CPDCR1B-076",1,4.5,NA,125,4,NA,4,212.5,42.5,NA,NA,NA,45.48,232.706872413817,34.375,5.84126984126984
2013,"201397PDGN1_ciat_10","201397PDGN1_ciat_rep1_CPDCR1B-078_24","CPDCR1B-078",1,4,NA,45,3,NA,5,172.5,0,NA,NA,NA,38.2,64.0983179345708,22.5694444444444,1.43076923076923
2013,"201397PDGN1_ciat_10","201397PDGN1_ciat_rep1_CPDCR1B-080_20","CPDCR1B-080",1,3.5,NA,60,2.5,NA,4,205,5,NA,NA,NA,38.28,242.231561603519,15.9722222222222,0.686567164179104
2013,"201397PDGN1_ciat_10","201397PDGN1_ciat_rep1_CPDCR5B-016_53","CPDCR5B-016",1,3,NA,57.5,2.5,NA,5,187.5,25,NA,NA,NA,37.48,105.801670490282,23.2638888888889,0.754385964912281
2013,"201397PDGN1_ciat_10","201397PDGN1_ciat_rep1_CPDCR5B-036_102","CPDCR5B-036",1,2.5,NA,105,1.5,NA,5,172.5,5,NA,NA,NA,38.14,161.079593182226,15.2777777777778,0.272727272727273
2013,"201397PDGN1_ciat_10","201397PDGN1_ciat_rep1_CPDCR5B-041_73","CPDCR5B-041",1,5.5,NA,60,5,NA,5,227.5,55,NA,NA,NA,39.03,70.693162451514,30.5555555555556,0.818181818181818
2013,"201397PDGN1_ciat_10","201397PDGN1_ciat_rep1_CPDCR5B-043_50","CPDCR5B-043",1,5,NA,87.5,3,NA,5,227.5,75,NA,NA,NA,42.27,96.5317731944115,21.5277777777778,1.6969696969697
2013,"201397PDGN1_ciat_10","201397PDGN1_ciat_rep1_CPDCR5B-053_88","CPDCR5B-053",1,3.5,NA,100,4,NA,5,267.5,52.5,NA,NA,NA,30.55,51.5649615229826,17.0138888888889,0.739130434782609
2013,"201397PDGN1_ciat_10","201397PDGN1_ciat_rep1_CPDCR5B-055_72","CPDCR5B-055",1,5,NA,50,2.5,NA,4,202.5,20,NA,NA,NA,36.5,94.1513211029269,13.5416666666667,0.842105263157895
2013,"201397PDGN1_ciat_10","201397PDGN1_ciat_rep1_CPDCR5B-069A_87","CPDCR5B-069A",1,4,NA,47.5,2.5,NA,5,220,22.5,NA,NA,NA,30.3,84.5731558228918,25.3472222222222,0.0161290322580645
2013,"201397PDGN1_ciat_10","201397PDGN1_ciat_rep1_CPDCR5B-096_80","CPDCR5B-096",1,4.5,NA,42.5,3,NA,4,222.5,40,NA,NA,NA,32.92,97.4266199148434,14.9305555555556,0.60655737704918
2013,"201397PDGN1_ciat_10","201397PDGN1_ciat_rep1_CPDCR5B-102_99","CPDCR5B-102",1,2.5,NA,92.5,2,NA,3,160,0,NA,NA,NA,27.5,288.365758313775,14.9305555555556,0.354838709677419
2013,"201397PDGN1_ciat_10","201397PDGN1_ciat_rep1_CPDCR5B-109_39","CPDCR5B-109",1,4.5,NA,52.5,3.5,NA,5,192.5,15,NA,NA,NA,39.87,210.513426329978,20.4861111111111,1.27536231884058
2014,"201495PDGN1_ciat_10","201495PDGN1_ciat_rep1_B1PD280-008_15","B1PD280-008",1,3,NA,42.5,2.5,NA,4,227.5,45,NA,NA,NA,39.9373255707325,160.616539717672,23.4375,1.82142857142857
2014,"201495PDGN1_ciat_10","201495PDGN1_ciat_rep1_B1PD280-040_6","B1PD280-040",1,4.5,NA,62.5,3,NA,3,257.5,80,NA,NA,NA,36.7801970238823,132.728662872132,13.0208333333333,0.589285714285714
2014,"201495PDGN1_ciat_10","201495PDGN1_ciat_rep1_C4_103","C4",1,4,NA,67.5,4,NA,3,237.5,50,NA,NA,NA,42.5414841367866,115.170261340682,33.8541666666667,2.78260869565217
2014,"201495PDGN1_ciat_10","201495PDGN1_ciat_rep1_CPDCR1B-008_3","CPDCR1B-008",1,3,NA,60,3,NA,3,217.5,25,NA,NA,NA,44.0445562520484,78.6345135769306,8.46354166666667,6.9
2014,"201495PDGN1_ciat_10","201495PDGN1_ciat_rep1_CPDCR1B-013_42","CPDCR1B-013",1,4,NA,87.5,4,NA,3,257.5,87.5,NA,NA,NA,42.9355315475258,256.399171960742,44.2708333333333,6.35714285714286
2014,"201495PDGN1_ciat_10","201495PDGN1_ciat_rep1_CPDCR1B-015_89","CPDCR1B-015",1,4,NA,72.5,2.5,NA,3,267.5,30,NA,NA,NA,41.8770262127092,79.0983655512691,8.46354166666667,5.20833333333333
2014,"201495PDGN1_ciat_10","201495PDGN1_ciat_rep1_CPDCR1B-019_4","CPDCR1B-019",1,4.5,NA,62.5,4,NA,2,210,45,NA,NA,NA,40.8900829437727,154.502724003269,34.7222222222222,3.67142857142857
2014,"201495PDGN1_ciat_10","201495PDGN1_ciat_rep1_CPDCR1B-026_22","CPDCR1B-026",1,3.5,NA,40,3,NA,3,272.5,62.5,NA,NA,NA,40.3427,133.5909,16.49306,4.52380952380952
2014,"201495PDGN1_ciat_10","201495PDGN1_ciat_rep1_CPDCR1B-027_35","CPDCR1B-027",1,5,NA,25,2.5,NA,4,215,25,NA,NA,NA,38.42244,78.96698,23.4375,5.3968253968254
2014,"201495PDGN1_ciat_10","201495PDGN1_ciat_rep1_CPDCR1B-028_17","CPDCR1B-028",1,3,NA,72.5,2.5,NA,3,252.5,45,NA,NA,NA,43.50074,208.3798,21.70139,4.21428571428571
2014,"201495PDGN1_ciat_10","201495PDGN1_ciat_rep1_CPDCR1B-034_11","CPDCR1B-034",1,3,NA,90,3.5,NA,3,240,70,NA,NA,NA,42.21378,231.8073,19.09722,6.65217391304348
2014,"201495PDGN1_ciat_10","201495PDGN1_ciat_rep1_CPDCR1B-043_28","CPDCR1B-043",1,3,NA,55,4,NA,3,255,40,NA,NA,NA,43.65452,64.75945,23.4375,6.38775510204082
2014,"201495PDGN1_ciat_10","201495PDGN1_ciat_rep1_CPDCR1B-046_43","CPDCR1B-046",1,3,NA,30,2,NA,3,202.5,30,NA,NA,NA,39.96504,232.727,20.83333,3.60294117647059
2014,"201495PDGN1_ciat_10","201495PDGN1_ciat_rep1_CPDCR1B-048_10","CPDCR1B-048",1,3,NA,37.5,1,NA,5,200,32.5,NA,NA,NA,39.62508,243.801,41.66667,3.95714285714286
2014,"201495PDGN1_ciat_10","201495PDGN1_ciat_rep1_CPDCR1B-052_12","CPDCR1B-052",1,4,NA,40,2.5,NA,4,237.5,60,NA,NA,NA,43.21083,125.5047,32.11806,2.47619047619048
2014,"201495PDGN1_ciat_10","201495PDGN1_ciat_rep1_CPDCR1B-054_27","CPDCR1B-054",1,4,NA,22.5,3.5,NA,3,255,30,NA,NA,NA,42.2463,151.6153,34.72222,5.42857142857143
2014,"201495PDGN1_ciat_10","201495PDGN1_ciat_rep1_CPDCR1B-062_18","CPDCR1B-062",1,3,NA,55,3,NA,3,262.5,45,NA,NA,NA,41.88834,165.7749,44.27083,5.42857142857143
2014,"201495PDGN1_ciat_10","201495PDGN1_ciat_rep1_CPDCR1B-064_13","CPDCR1B-064",1,4,NA,42.5,3,NA,3,242.5,35,NA,NA,NA,42.26658,169.5668,28.64583,4.97142857142857
2014,"201495PDGN1_ciat_10","201495PDGN1_ciat_rep1_CPDCR1B-065_84","CPDCR1B-065",1,3.5,NA,17.5,2,NA,2,210,35,NA,NA,NA,41.87275,42.60805,5.208333,4.43939393939394
2014,"201495PDGN1_ciat_10","201495PDGN1_ciat_rep1_CPDCR1B-068_25","CPDCR1B-068",1,4,NA,25,4,NA,2,282.5,47.5,NA,NA,NA,41.77497,142.9183,49.47917,2.4
2014,"201495PDGN1_ciat_10","201495PDGN1_ciat_rep1_CPDCR1B-074_38","CPDCR1B-074",1,3.5,NA,70,4,NA,3,257.5,45,NA,NA,NA,40.10294,512.0883,32.8125,7.47058823529412
2014,"201495PDGN1_ciat_10","201495PDGN1_ciat_rep1_CPDCR1B-075_100","CPDCR1B-075",1,4,NA,57.5,4,NA,3,222.5,45,NA,NA,NA,38.26244,95.60929,24.30556,0.985714285714286
2014,"201495PDGN1_ciat_10","201495PDGN1_ciat_rep1_CPDCR1B-076_9","CPDCR1B-076",1,4,NA,65,4,NA,3,222.5,42.5,NA,NA,NA,44.2626,154.6608,28.64583,5.85714285714286
2014,"201495PDGN1_ciat_10","201495PDGN1_ciat_rep1_CPDCR1B-078_24","CPDCR1B-078",1,3.5,NA,42.5,2.5,NA,3,287.5,35,NA,NA,NA,39.49256,39.12621,10.41667,3.32142857142857
2014,"201495PDGN1_ciat_10","201495PDGN1_ciat_rep1_CPDCR1B-080_20","CPDCR1B-080",1,3.5,NA,42.5,3,NA,3,240,55,NA,NA,NA,38.55768,267.9183,24.30556,1.48571428571429
2014,"201495PDGN1_ciat_10","201495PDGN1_ciat_rep1_CPDCR5B-016_53","CPDCR5B-016",1,3.5,NA,60,3,NA,2,217.5,15,NA,NA,NA,35.26543,51.90526,34.72222,0.357142857142857
2014,"201495PDGN1_ciat_10","201495PDGN1_ciat_rep1_CPDCR5B-041_73","CPDCR5B-041",1,3.5,NA,62.5,4,NA,3,285,50,NA,NA,NA,40.24521,92.34333,13.02083,1.98571428571429
2014,"201495PDGN1_ciat_10","201495PDGN1_ciat_rep1_CPDCR5B-043_50","CPDCR5B-043",1,5,NA,37.5,4,NA,2,257.5,47.5,NA,NA,NA,41.1839,82.27693,23.4375,5.625
2014,"201495PDGN1_ciat_10","201495PDGN1_ciat_rep1_CPDCR5B-053_88","CPDCR5B-053",1,4,NA,50,3,NA,5,305,19.5,NA,NA,NA,25.69574,27.12105,1.302083,NA
2014,"201495PDGN1_ciat_10","201495PDGN1_ciat_rep1_CPDCR5B-055_72","CPDCR5B-055",1,NA,NA,NA,NA,NA,NA,NA,NA,NA,NA,NA,37.51345,168.5936,7.8125,1
2014,"201495PDGN1_ciat_10","201495PDGN1_ciat_rep1_CPDCR5B-069A_87","CPDCR5B-069A",1,4,NA,40,3,NA,3,217.5,55,NA,NA,NA,34.98646,125.8916,25.17361,0.8
2014,"201495PDGN1_ciat_10","201495PDGN1_ciat_rep1_CPDCR5B-096_80","CPDCR5B-096",1,4.5,NA,52.5,3.5,NA,3,300,50,NA,NA,NA,37.90193,138.6128,22.56944,2.20967741935484
2014,"201495PDGN1_ciat_10","201495PDGN1_ciat_rep1_CPDCR5B-102_99","CPDCR5B-102",1,4,NA,70,4,NA,3,245,40,NA,NA,NA,37.70866,118.3838,27.77778,0.147058823529412
2014,"201495PDGN1_ciat_10","201495PDGN1_ciat_rep1_CPDCR5B-109_39","CPDCR5B-109",1,3,NA,50,3,NA,2,235,55,NA,NA,NA,43.57738,185.7162,23.4375,2.46376811594203
2016,"201678PDGN1_ciat_10","201678PDGN1_ciat_rep1_AM206-5_107","AM206-5",1,NA,NA,NA,NA,NA,NA,NA,NA,NA,NA,NA,41.41693,NA,15.625,6.19354838709677
2016,"201678PDGN1_ciat_10","201678PDGN1_ciat_rep1_CM523-7_105","CM523-7_is_Catumare",1,NA,NA,NA,NA,NA,NA,NA,NA,NA,NA,NA,42.03322,NA,6.944444,4.80952380952381
2016,"201678PDGN1_ciat_10","201678PDGN1_ciat_rep1_COL22_106","COL22",1,NA,NA,NA,NA,NA,NA,NA,NA,NA,NA,NA,25.34358,NA,7.8125,NA
2016,"201678PDGN1_ciat_10","201678PDGN1_ciat_rep1_CPDCR1B-013_42","CPDCR1B-013",1,NA,NA,NA,NA,NA,NA,NA,NA,NA,NA,NA,42.45701,NA,10.41667,NA
2016,"201678PDGN1_ciat_10","201678PDGN1_ciat_rep1_CPDCR1B-019_4","CPDCR1B-019",1,NA,NA,NA,NA,NA,NA,NA,NA,NA,NA,NA,38.80804,NA,5.208333,NA
2016,"201678PDGN1_ciat_10","201678PDGN1_ciat_rep1_CPDCR1B-026_22","CPDCR1B-026",1,NA,NA,NA,NA,NA,NA,NA,NA,NA,NA,NA,39.35149,NA,20.83333,3.57142857142857
2016,"201678PDGN1_ciat_10","201678PDGN1_ciat_rep1_CPDCR1B-028_17","CPDCR1B-028",1,NA,NA,NA,NA,NA,NA,NA,NA,NA,NA,NA,42.05203,NA,20.83333,6.45
2016,"201678PDGN1_ciat_10","201678PDGN1_ciat_rep1_CPDCR1B-034_11","CPDCR1B-034",1,NA,NA,NA,NA,NA,NA,NA,NA,NA,NA,NA,39.10431,NA,28.64583,5.45161290322581
2016,"201678PDGN1_ciat_10","201678PDGN1_ciat_rep1_CPDCR1B-046_43","CPDCR1B-046",1,NA,NA,NA,NA,NA,NA,NA,NA,NA,NA,NA,29.66388,NA,7.8125,NA
2016,"201678PDGN1_ciat_10","201678PDGN1_ciat_rep1_CPDCR1B-048_10","CPDCR1B-048",1,NA,NA,NA,NA,NA,NA,NA,NA,NA,NA,NA,39.15945,NA,10.41667,2.21212121212121
2016,"201678PDGN1_ciat_10","201678PDGN1_ciat_rep1_CPDCR1B-052_12","CPDCR1B-052",1,NA,NA,NA,NA,NA,NA,NA,NA,NA,NA,NA,29.53016,NA,20.83333,1.125
2016,"201678PDGN1_ciat_10","201678PDGN1_ciat_rep1_CPDCR1B-054_27","CPDCR1B-054",1,NA,NA,NA,NA,NA,NA,NA,NA,NA,NA,NA,40.89632,NA,26.04167,3.68085106382979
2016,"201678PDGN1_ciat_10","201678PDGN1_ciat_rep1_CPDCR1B-062_18","CPDCR1B-062",1,NA,NA,NA,NA,NA,NA,NA,NA,NA,NA,NA,42.65148,NA,59.89583,3.5
2016,"201678PDGN1_ciat_10","201678PDGN1_ciat_rep1_CPDCR1B-064_13","CPDCR1B-064",1,NA,NA,NA,NA,NA,NA,NA,NA,NA,NA,NA,38.70894,NA,20.83333,1.55737704918033
2016,"201678PDGN1_ciat_10","201678PDGN1_ciat_rep1_CPDCR1B-074_38","CPDCR1B-074",1,NA,NA,NA,NA,NA,NA,NA,NA,NA,NA,NA,37.53554,NA,17.36111,4.37254901960784
2016,"201678PDGN1_ciat_10","201678PDGN1_ciat_rep1_CPDCR1B-075_100","CPDCR1B-075",1,NA,NA,NA,NA,NA,NA,NA,NA,NA,NA,NA,43.46559,NA,26.04167,4.04838709677419
2016,"201678PDGN1_ciat_10","201678PDGN1_ciat_rep1_CPDCR1B-076_9","CPDCR1B-076",1,NA,NA,NA,NA,NA,NA,NA,NA,NA,NA,NA,47.60655,NA,10.41667,NA
2016,"201678PDGN1_ciat_10","201678PDGN1_ciat_rep1_CPDCR1B-080_20","CPDCR1B-080",1,NA,NA,NA,NA,NA,NA,NA,NA,NA,NA,NA,37.16521,NA,59.89583,0.777777777777778
2016,"201678PDGN1_ciat_10","201678PDGN1_ciat_rep1_CPDCR5B-036_102","CPDCR5B-036",1,NA,NA,NA,NA,NA,NA,NA,NA,NA,NA,NA,38.36536,NA,23.4375,2.13559322033898
2016,"201678PDGN1_ciat_10","201678PDGN1_ciat_rep1_CPDCR5B-055_72","CPDCR5B-055",1,NA,NA,NA,NA,NA,NA,NA,NA,NA,NA,NA,42.06577,NA,18.22917,NA
2016,"201678PDGN1_ciat_10","201678PDGN1_ciat_rep1_CPDCR5B-102_99","CPDCR5B-102",1,NA,NA,NA,NA,NA,NA,NA,NA,NA,NA,NA,39.47024,NA,20.83333,1.53333333333333
2016,"201678PDGN1_ciat_10","201678PDGN1_ciat_rep1_CPDCR5B-109_39","CPDCR5B-109",1,NA,NA,NA,NA,NA,NA,NA,NA,NA,NA,NA,42.58997,NA,13.02083,4.70588235294118
2016,"201678PDGN1_ciat_10","201678PDGN1_ciat_rep1_HMC1_108","HMC1P12_is_HMC1",1,NA,NA,NA,NA,NA,NA,NA,NA,NA,NA,NA,41.89813,NA,46.875,2.48780487804878
2016,"201678PDGN1_ciat_10","201678PDGN1_ciat_rep1_PER183_104","PER183",1,NA,NA,NA,NA,NA,NA,NA,NA,NA,NA,NA,38.61743,NA,27.77778,0.32
2022,"2015101PDGN1_ciat_10","2015101PDGN1_ciat_rep1_B1PD280-008_15","B1PD280-008",1,NA,NA,NA,NA,NA,NA,NA,NA,NA,NA,NA,36.87064,79.92285,NA,0.673469387755102
2022,"2015101PDGN1_ciat_10","2015101PDGN1_ciat_rep1_B1PD280-040_6","B1PD280-040",1,NA,NA,NA,NA,NA,NA,NA,NA,NA,NA,NA,35.03118,51.90016,NA,NA
2022,"2015101PDGN1_ciat_10","2015101PDGN1_ciat_rep1_C4_103","C4",1,NA,NA,NA,NA,NA,NA,NA,NA,NA,NA,60,37.04337,28.79574,NA,0.615384615384615
2022,"2015101PDGN1_ciat_10","2015101PDGN1_ciat_rep1_CPDCR1B-008_3","CPDCR1B-008",1,NA,NA,NA,NA,NA,NA,NA,NA,NA,NA,17,41.97416,93.07635,NA,2.77777777777778
2022,"2015101PDGN1_ciat_10","2015101PDGN1_ciat_rep1_CPDCR1B-013_42","CPDCR1B-013",1,NA,NA,NA,NA,NA,NA,NA,NA,NA,NA,NA,42.21624,90.10252,NA,1.6231884057971
2022,"2015101PDGN1_ciat_10","2015101PDGN1_ciat_rep1_CPDCR1B-015_89","CPDCR1B-015",1,NA,NA,NA,NA,NA,NA,NA,NA,NA,NA,60,42.39996,67.11248,NA,1.11428571428571
2022,"2015101PDGN1_ciat_10","2015101PDGN1_ciat_rep1_CPDCR1B-019_4","CPDCR1B-019",1,NA,NA,NA,NA,NA,NA,NA,NA,NA,NA,NA,38.90215,43.09303,NA,1.28571428571429
2022,"2015101PDGN1_ciat_10","2015101PDGN1_ciat_rep1_CPDCR1B-026_22","CPDCR1B-026",1,NA,NA,NA,NA,NA,NA,NA,NA,NA,NA,NA,37.50808,85.29863,NA,0.5
2022,"2015101PDGN1_ciat_10","2015101PDGN1_ciat_rep1_CPDCR1B-027_35","CPDCR1B-027",1,NA,NA,NA,NA,NA,NA,NA,NA,NA,NA,60,31.06517,41.94925,NA,0.285714285714286
2022,"2015101PDGN1_ciat_10","2015101PDGN1_ciat_rep1_CPDCR1B-028_17","CPDCR1B-028",1,NA,NA,NA,NA,NA,NA,NA,NA,NA,NA,NA,38.82538,110.2331,NA,0.904761904761905
2022,"2015101PDGN1_ciat_10","2015101PDGN1_ciat_rep1_CPDCR1B-034_11","CPDCR1B-034",1,NA,NA,NA,NA,NA,NA,NA,NA,NA,NA,NA,36.212,155.2982,NA,0.642857142857143
2022,"2015101PDGN1_ciat_10","2015101PDGN1_ciat_rep1_CPDCR1B-043_28","CPDCR1B-043",1,NA,NA,NA,NA,NA,NA,NA,NA,NA,NA,60,41.1226,59.33475,NA,1.81818181818182
2022,"2015101PDGN1_ciat_10","2015101PDGN1_ciat_rep1_CPDCR1B-046_43","CPDCR1B-046",1,NA,NA,NA,NA,NA,NA,NA,NA,NA,NA,NA,35.48262,112.9782,NA,0.818181818181818
2022,"2015101PDGN1_ciat_10","2015101PDGN1_ciat_rep1_CPDCR1B-048_10","CPDCR1B-048",1,NA,NA,NA,NA,NA,NA,NA,NA,NA,NA,NA,35.44675,129.7918,NA,1.20833333333333
2022,"2015101PDGN1_ciat_10","2015101PDGN1_ciat_rep1_CPDCR1B-052_12","CPDCR1B-052",1,NA,NA,NA,NA,NA,NA,NA,NA,NA,NA,NA,34.4528,136.3114,NA,0.380952380952381
2022,"2015101PDGN1_ciat_10","2015101PDGN1_ciat_rep1_CPDCR1B-054_27","CPDCR1B-054",1,NA,NA,NA,NA,NA,NA,NA,NA,NA,NA,NA,41.07991,122.4716,NA,0.666666666666667
2022,"2015101PDGN1_ciat_10","2015101PDGN1_ciat_rep1_CPDCR1B-062_18","CPDCR1B-062",1,NA,NA,NA,NA,NA,NA,NA,NA,NA,NA,NA,35.35666,168.4517,NA,1.02380952380952
2022,"2015101PDGN1_ciat_10","2015101PDGN1_ciat_rep1_CPDCR1B-064_13","CPDCR1B-064",1,NA,NA,NA,NA,NA,NA,NA,NA,NA,NA,NA,38.55647,95.36392,NA,0.666666666666667
2022,"2015101PDGN1_ciat_10","2015101PDGN1_ciat_rep1_CPDCR1B-065_84","CPDCR1B-065",1,NA,NA,NA,NA,NA,NA,NA,NA,NA,NA,NA,27.61712,17.47229,NA,1
2022,"2015101PDGN1_ciat_10","2015101PDGN1_ciat_rep1_CPDCR1B-068_25","CPDCR1B-068",1,NA,NA,NA,NA,NA,NA,NA,NA,NA,NA,20,41.60106,72.48826,NA,0.80327868852459
2022,"2015101PDGN1_ciat_10","2015101PDGN1_ciat_rep1_CPDCR1B-074_38","CPDCR1B-074",1,NA,NA,NA,NA,NA,NA,NA,NA,NA,NA,NA,38.23911,154.1544,NA,3.63636363636364
2022,"2015101PDGN1_ciat_10","2015101PDGN1_ciat_rep1_CPDCR1B-075_100","CPDCR1B-075",1,NA,NA,NA,NA,NA,NA,NA,NA,NA,NA,NA,39.1394,80.60912,NA,0.537037037037037
2022,"2015101PDGN1_ciat_10","2015101PDGN1_ciat_rep1_CPDCR1B-076_9","CPDCR1B-076",1,NA,NA,NA,NA,NA,NA,NA,NA,NA,NA,NA,40.90462,174.6281,NA,5.52941176470588
2022,"2015101PDGN1_ciat_10","2015101PDGN1_ciat_rep1_CPDCR1B-078_24","CPDCR1B-078",1,NA,NA,NA,NA,NA,NA,NA,NA,NA,NA,26,37.52844,42.86427,NA,0.647058823529412
2022,"2015101PDGN1_ciat_10","2015101PDGN1_ciat_rep1_CPDCR1B-080_20","CPDCR1B-080",1,NA,NA,NA,NA,NA,NA,NA,NA,NA,NA,NA,34.33574,161.1315,NA,0.25531914893617
2022,"2015101PDGN1_ciat_10","2015101PDGN1_ciat_rep1_CPDCR5B-016_53","CPDCR5B-016",1,NA,NA,NA,NA,NA,NA,NA,NA,NA,NA,19,35.22142,69.25807,NA,1.14285714285714
2022,"2015101PDGN1_ciat_10","2015101PDGN1_ciat_rep1_CPDCR5B-036_102","CPDCR5B-036",1,NA,NA,NA,NA,NA,NA,NA,NA,NA,NA,NA,36.91323,61.1648,NA,0.0294117647058824
2022,"2015101PDGN1_ciat_10","2015101PDGN1_ciat_rep1_CPDCR5B-041_73","CPDCR5B-041",1,NA,NA,NA,NA,NA,NA,NA,NA,NA,NA,18,40.03921,63.22361,NA,1.21428571428571
2022,"2015101PDGN1_ciat_10","2015101PDGN1_ciat_rep1_CPDCR5B-043_50","CPDCR5B-043",1,NA,NA,NA,NA,NA,NA,NA,NA,NA,NA,60,35.91225,47.55378,NA,0.714285714285714
2022,"2015101PDGN1_ciat_10","2015101PDGN1_ciat_rep1_CPDCR5B-053_88","CPDCR5B-053",1,NA,NA,NA,NA,NA,NA,NA,NA,NA,NA,NA,31.41363,9.465803,NA,0.357142857142857
2022,"2015101PDGN1_ciat_10","2015101PDGN1_ciat_rep1_CPDCR5B-055_72","CPDCR5B-055",1,NA,NA,NA,NA,NA,NA,NA,NA,NA,NA,NA,38.24186,28.33823,NA,0.8
2022,"2015101PDGN1_ciat_10","2015101PDGN1_ciat_rep1_CPDCR5B-069A_87","CPDCR5B-069A",1,NA,NA,NA,NA,NA,NA,NA,NA,NA,NA,60,19.16601,6.720723,NA,NA
2022,"2015101PDGN1_ciat_10","2015101PDGN1_ciat_rep1_CPDCR5B-096_80","CPDCR5B-096",1,NA,NA,NA,NA,NA,NA,NA,NA,NA,NA,26,34.31659,25.02125,NA,0.365853658536585
2022,"2015101PDGN1_ciat_10","2015101PDGN1_ciat_rep1_CPDCR5B-102_99","CPDCR5B-102",1,NA,NA,NA,NA,NA,NA,NA,NA,NA,NA,NA,30.6262,32.79898,NA,0.315789473684211
2022,"2015101PDGN1_ciat_10","2015101PDGN1_ciat_rep1_CPDCR5B-109_39","CPDCR5B-109",1,NA,NA,NA,NA,NA,NA,NA,NA,NA,NA,NA,38.34186,90.33127,NA,0.703125
2016,"201682PDGN1_ciat_10","201682PDGN1_ciat_rep1_AM206-5_20","AM206-5",1,NA,NA,NA,NA,NA,NA,NA,NA,NA,NA,30,35.59007,NA,39.93056,4.078125
2016,"201682PDGN1_ciat_10","201682PDGN1_ciat_rep1_B1PD280-008_3","B1PD280-008",1,NA,NA,NA,NA,NA,NA,NA,NA,NA,NA,45,38.60244,NA,49.47917,3.61194029850746
2016,"201682PDGN1_ciat_10","201682PDGN1_ciat_rep1_C4_16","C4",1,NA,NA,NA,NA,NA,NA,NA,NA,NA,NA,NA,35.36915,NA,7.8125,NA
2016,"201682PDGN1_ciat_10","201682PDGN1_ciat_rep1_CM523-7_18","CM523-7_is_Catumare",1,NA,NA,NA,NA,NA,NA,NA,NA,NA,NA,30,35.90756,NA,18.75,3.10606060606061
2016,"201682PDGN1_ciat_10","201682PDGN1_ciat_rep1_COL22_19","COL22",1,NA,NA,NA,NA,NA,NA,NA,NA,NA,NA,60,33.79769,NA,39.93056,1.41666666666667
2016,"201682PDGN1_ciat_10","201682PDGN1_ciat_rep1_CPDCR1B-008_1","CPDCR1B-008",1,NA,NA,NA,NA,NA,NA,NA,NA,NA,NA,30,44.46492,NA,20.18229,4.63492063492064
2016,"201682PDGN1_ciat_10","201682PDGN1_ciat_rep1_CPDCR1B-015_15","CPDCR1B-015",1,NA,NA,NA,NA,NA,NA,NA,NA,NA,NA,25,39.23815,NA,18.22917,3.01428571428571
2016,"201682PDGN1_ciat_10","201682PDGN1_ciat_rep1_CPDCR1B-027_7","CPDCR1B-027",1,NA,NA,NA,NA,NA,NA,NA,NA,NA,NA,20,39.40043,NA,32.11806,7.17741935483871
2016,"201682PDGN1_ciat_10","201682PDGN1_ciat_rep1_CPDCR1B-043_6","CPDCR1B-043",1,NA,NA,NA,NA,NA,NA,NA,NA,NA,NA,NA,34.68571,NA,9.765625,NA
2016,"201682PDGN1_ciat_10","201682PDGN1_ciat_rep1_CPDCR1B-065_12","CPDCR1B-065",1,NA,NA,NA,NA,NA,NA,NA,NA,NA,NA,60,29.55741,NA,7.291667,1.75
2016,"201682PDGN1_ciat_10","201682PDGN1_ciat_rep1_CPDCR1B-068_5","CPDCR1B-068",1,NA,NA,NA,NA,NA,NA,NA,NA,NA,NA,NA,42.67395,NA,20.3125,4.75609756097561
2016,"201682PDGN1_ciat_10","201682PDGN1_ciat_rep1_CPDCR5B-016_9","CPDCR5B-016",1,NA,NA,NA,NA,NA,NA,NA,NA,NA,NA,30,36.61694,NA,14.32292,3.56666666666667
2016,"201682PDGN1_ciat_10","201682PDGN1_ciat_rep1_CPDCR5B-041_10","CPDCR5B-041",1,NA,NA,NA,NA,NA,NA,NA,NA,NA,NA,60,34.13249,NA,15.625,2.32608695652174
2016,"201682PDGN1_ciat_10","201682PDGN1_ciat_rep1_CPDCR5B-043_8","CPDCR5B-043",1,NA,NA,NA,NA,NA,NA,NA,NA,NA,NA,NA,40.6278,NA,4.6875,NA
2016,"201682PDGN1_ciat_10","201682PDGN1_ciat_rep1_CPDCR5B-053_14","CPDCR5B-053",1,NA,NA,NA,NA,NA,NA,NA,NA,NA,NA,NA,17.99297,NA,2.604167,NA
2016,"201682PDGN1_ciat_10","201682PDGN1_ciat_rep1_CPDCR5B-069A_13","CPDCR5B-069A",1,NA,NA,NA,NA,NA,NA,NA,NA,NA,NA,60,28.04797,NA,18.22917,1.10294117647059
2016,"201682PDGN1_ciat_10","201682PDGN1_ciat_rep1_CPDCR5B-096_11","CPDCR5B-096",1,NA,NA,NA,NA,NA,NA,NA,NA,NA,NA,45,37.85478,NA,15.625,3.78125
2016,"201682PDGN1_ciat_10","201682PDGN1_ciat_rep1_HMC1_21","HMC1P12_is_HMC1",1,NA,NA,NA,NA,NA,NA,NA,NA,NA,NA,50,42.52239,NA,46.875,1.26086956521739
2016,"201682PDGN1_ciat_10","201682PDGN1_ciat_rep1_PER183_17","PER183",1,NA,NA,NA,NA,NA,NA,NA,NA,NA,NA,30,33.18445,NA,34.72222,0.654545454545455
2012,"201280PDGN1_ciat_10","201280PDGN1_ciat_rep1_B1PD280-008_149","B1PD280-040",1,NA,NA,NA,NA,NA,NA,NA,NA,NA,NA,NA,34.48083,172.4283,33.68056,0.373134328358209
2012,"201280PDGN1_ciat_10","201280PDGN1_ciat_rep1_B1PD280-040_101","B1PD280-008",1,NA,NA,NA,NA,NA,NA,NA,NA,NA,NA,NA,31.27463,56.66405,15.97222,0.396825396825397
2012,"201280PDGN1_ciat_10","201280PDGN1_ciat_rep1_CPDCR1B-008_70","CPDCR1B-008",1,NA,NA,NA,NA,NA,NA,NA,NA,NA,NA,NA,38.31215,106.1446,24.30556,2.40909090909091
2012,"201280PDGN1_ciat_10","201280PDGN1_ciat_rep1_CPDCR1B-013_320","CPDCR1B-013",1,NA,NA,NA,NA,NA,NA,NA,NA,NA,NA,NA,41.45253,189.1691,34.02778,1.421875
2012,"201280PDGN1_ciat_10","201280PDGN1_ciat_rep1_CPDCR1B-015_502","CPDCR1B-015",1,NA,NA,NA,NA,NA,NA,NA,NA,NA,NA,NA,40.96623,132.9154,30.20833,2.5
2012,"201280PDGN1_ciat_10","201280PDGN1_ciat_rep1_CPDCR1B-019_79","CPDCR1B-019",1,NA,NA,NA,NA,NA,NA,NA,NA,NA,NA,NA,36.91555,132.0538,22.56944,1.09090909090909
2012,"201280PDGN1_ciat_10","201280PDGN1_ciat_rep1_CPDCR1B-026_216","CPDCR1B-026",1,NA,NA,NA,NA,NA,NA,NA,NA,NA,NA,NA,35.20568,248.6072,23.26389,1.26984126984127
2012,"201280PDGN1_ciat_10","201280PDGN1_ciat_rep1_CPDCR1B-027_300","CPDCR1B-027",1,NA,NA,NA,NA,NA,NA,NA,NA,NA,NA,NA,34.1637,96.97542,23.26389,1.31034482758621
2012,"201280PDGN1_ciat_10","201280PDGN1_ciat_rep1_CPDCR1B-028_181","CPDCR1B-028",1,NA,NA,NA,NA,NA,NA,NA,NA,NA,NA,NA,34.6369,83.01655,14.93056,0.702127659574468
2012,"201280PDGN1_ciat_10","201280PDGN1_ciat_rep1_CPDCR1B-034_136","CPDCR1B-034",1,NA,NA,NA,NA,NA,NA,NA,NA,NA,NA,NA,38.04074,150.9781,39.93056,1.84615384615385
2012,"201280PDGN1_ciat_10","201280PDGN1_ciat_rep1_CPDCR1B-043_237","CPDCR1B-043",1,NA,NA,NA,NA,NA,NA,NA,NA,NA,NA,NA,38.85333,70.91959,33.68056,1.7
2012,"201280PDGN1_ciat_10","201280PDGN1_ciat_rep1_CPDCR1B-046_321","CPDCR1B-046",1,NA,NA,NA,NA,NA,NA,NA,NA,NA,NA,NA,35.60554,182.7508,27.08333,1.13636363636364
2012,"201280PDGN1_ciat_10","201280PDGN1_ciat_rep1_CPDCR1B-048_121","CPDCR1B-048",1,NA,NA,NA,NA,NA,NA,NA,NA,NA,NA,NA,38.07975,140.8951,30.20833,1.08695652173913
2012,"201280PDGN1_ciat_10","201280PDGN1_ciat_rep1_CPDCR1B-052_139","CPDCR1B-052",1,NA,NA,NA,NA,NA,NA,NA,NA,NA,NA,NA,34.61502,211.8527,25,1.76190476190476
2012,"201280PDGN1_ciat_10","201280PDGN1_ciat_rep1_CPDCR1B-054_236","CPDCR1B-054",1,NA,NA,NA,NA,NA,NA,NA,NA,NA,NA,NA,39.81115,181.0478,37.5,1.35
2012,"201280PDGN1_ciat_10","201280PDGN1_ciat_rep1_CPDCR1B-062_185","CPDCR1B-062",1,NA,NA,NA,NA,NA,NA,NA,NA,NA,NA,NA,36.6278,169.9861,34.72222,1.61904761904762
2012,"201280PDGN1_ciat_10","201280PDGN1_ciat_rep1_CPDCR1B-064_147","CPDCR1B-064",1,NA,NA,NA,NA,NA,NA,NA,NA,NA,NA,NA,40.62595,172.2401,38.88889,0.508474576271186
2012,"201280PDGN1_ciat_10","201280PDGN1_ciat_rep1_CPDCR1B-065_472","CPDCR1B-065",1,NA,NA,NA,NA,NA,NA,NA,NA,NA,NA,NA,35.57721,174.9491,24.65278,0.393939393939394
2012,"201280PDGN1_ciat_10","201280PDGN1_ciat_rep1_CPDCR1B-068_232","CPDCR1B-068",1,NA,NA,NA,NA,NA,NA,NA,NA,NA,NA,NA,43.02377,127.4759,24.30556,1.25
2012,"201280PDGN1_ciat_10","201280PDGN1_ciat_rep1_CPDCR1B-074_315","CPDCR1B-074",1,NA,NA,NA,NA,NA,NA,NA,NA,NA,NA,NA,39.76355,283.4691,38.19444,6.33333333333333
2012,"201280PDGN1_ciat_10","201280PDGN1_ciat_rep1_CPDCR1B-075_536","CPDCR1B-075",1,NA,NA,NA,NA,NA,NA,NA,NA,NA,NA,NA,39.79911,143.2775,25.69444,0.0144927536231884
2012,"201280PDGN1_ciat_10","201280PDGN1_ciat_rep1_CPDCR1B-076_120","CPDCR1B-076",1,NA,NA,NA,NA,NA,NA,NA,NA,NA,NA,NA,39.61092,203.5429,31.25,3.13432835820896
2012,"201280PDGN1_ciat_10","201280PDGN1_ciat_rep1_CPDCR1B-078_227","CPDCR1B-078",1,NA,NA,NA,NA,NA,NA,NA,NA,NA,NA,NA,40.01702,133.2089,25.69444,1.22413793103448
2012,"201280PDGN1_ciat_10","201280PDGN1_ciat_rep1_CPDCR1B-080_191","CPDCR1B-080",1,NA,NA,NA,NA,NA,NA,NA,NA,NA,NA,NA,38.37424,208.6585,40.625,0.609375
2012,"201280PDGN1_ciat_10","201280PDGN1_ciat_rep1_CPDCR5B-016_356","CPDCR5B-016",1,NA,NA,NA,NA,NA,NA,NA,NA,NA,NA,NA,36.36208,114.2503,25,2.63636363636364
2012,"201280PDGN1_ciat_10","201280PDGN1_ciat_rep1_CPDCR5B-036_554","CPDCR5B-036",1,NA,NA,NA,NA,NA,NA,NA,NA,NA,NA,NA,35.83928,198.0615,25.34722,0.742424242424242
2012,"201280PDGN1_ciat_10","201280PDGN1_ciat_rep1_CPDCR5B-041_439","CPDCR5B-041",1,NA,NA,NA,NA,NA,NA,NA,NA,NA,NA,NA,40.44954,141.6986,24.65278,1.89393939393939
2012,"201280PDGN1_ciat_10","201280PDGN1_ciat_rep1_CPDCR5B-043_349","CPDCR5B-043",1,NA,NA,NA,NA,NA,NA,NA,NA,NA,NA,NA,40.29306,155.4232,33.68056,1.74193548387097
2012,"201280PDGN1_ciat_10","201280PDGN1_ciat_rep1_CPDCR5B-053_499","CPDCR5B-053",1,NA,NA,NA,NA,NA,NA,NA,NA,NA,NA,NA,34.32428,71.83682,34.375,0.797101449275362
2012,"201280PDGN1_ciat_10","201280PDGN1_ciat_rep1_CPDCR5B-055_438","CPDCR5B-055",1,NA,NA,NA,NA,NA,NA,NA,NA,NA,NA,NA,38.07901,124.1056,20.48611,2.47272727272727
2012,"201280PDGN1_ciat_10","201280PDGN1_ciat_rep1_CPDCR5B-069A_497","CPDCR5B-069A",1,NA,NA,NA,NA,NA,NA,NA,NA,NA,NA,NA,34.85146,102.5706,29.86111,0.564516129032258
2012,"201280PDGN1_ciat_10","201280PDGN1_ciat_rep1_CPDCR5B-096_456","CPDCR5B-096",1,NA,NA,NA,NA,NA,NA,NA,NA,NA,NA,NA,35.68764,82.95958,28.47222,1.73214285714286
2012,"201280PDGN1_ciat_10","201280PDGN1_ciat_rep1_CPDCR5B-102_528","CPDCR5B-102",1,NA,NA,NA,NA,NA,NA,NA,NA,NA,NA,NA,31.32507,164.0982,26.73611,0.655172413793103
2012,"201280PDGN1_ciat_10","201280PDGN1_ciat_rep1_CPDCR5B-109_317","CPDCR5B-109",1,NA,NA,NA,NA,NA,NA,NA,NA,NA,NA,NA,42.45208,173.8229,43.05556,1.7
2017,"201729PDGN1_ciat_12","201729PDGN1_ciat_rep1_AM206-5_17","AM206-5",1,NA,NA,NA,NA,NA,NA,NA,NA,NA,NA,35,NA,NA,NA,0.415094339622642
2017,"201729PDGN1_ciat_12","201729PDGN1_ciat_rep1_B1PD280-008_2","B1PD280-008",1,NA,NA,NA,NA,NA,NA,NA,NA,NA,NA,30,NA,NA,NA,2.2463768115942
2017,"201729PDGN1_ciat_12","201729PDGN1_ciat_rep1_C4_13","C4",1,NA,NA,NA,NA,NA,NA,NA,NA,NA,NA,NA,NA,NA,NA,NA
2017,"201729PDGN1_ciat_12","201729PDGN1_ciat_rep1_CM523-7_15","CM523-7_is_Catumare",1,NA,NA,NA,NA,NA,NA,NA,NA,NA,NA,20,NA,NA,NA,6.35714285714286
2017,"201729PDGN1_ciat_12","201729PDGN1_ciat_rep1_COL22_16","COL22",1,NA,NA,NA,NA,NA,NA,NA,NA,NA,NA,35,NA,NA,NA,3.09677419354839
2017,"201729PDGN1_ciat_12","201729PDGN1_ciat_rep1_CPDCR1B-008_1","CPDCR1B-008",1,NA,NA,NA,NA,NA,NA,NA,NA,NA,NA,20,NA,NA,NA,5.94642857142857
2017,"201729PDGN1_ciat_12","201729PDGN1_ciat_rep1_CPDCR1B-015_12","CPDCR1B-015",1,NA,NA,NA,NA,NA,NA,NA,NA,NA,NA,35,NA,NA,NA,6.36764705882353
2017,"201729PDGN1_ciat_12","201729PDGN1_ciat_rep1_CPDCR1B-027_5","CPDCR1B-027",1,NA,NA,NA,NA,NA,NA,NA,NA,NA,NA,30,NA,NA,NA,1.85714285714286
2017,"201729PDGN1_ciat_12","201729PDGN1_ciat_rep1_CPDCR1B-043_4","CPDCR1B-043",1,NA,NA,NA,NA,NA,NA,NA,NA,NA,NA,60,NA,NA,NA,3
2017,"201729PDGN1_ciat_12","201729PDGN1_ciat_rep1_CPDCR1B-065_9","CPDCR1B-065",1,NA,NA,NA,NA,NA,NA,NA,NA,NA,NA,20,NA,NA,NA,2
2017,"201729PDGN1_ciat_12","201729PDGN1_ciat_rep1_CPDCR1B-068_3","CPDCR1B-068",1,NA,NA,NA,NA,NA,NA,NA,NA,NA,NA,20,NA,NA,NA,5.98571428571429
2017,"201729PDGN1_ciat_12","201729PDGN1_ciat_rep1_CPDCR5B-016_7","CPDCR5B-016",1,NA,NA,NA,NA,NA,NA,NA,NA,NA,NA,20,NA,NA,NA,2.51851851851852
2017,"201729PDGN1_ciat_12","201729PDGN1_ciat_rep1_CPDCR5B-043_6","CPDCR5B-043",1,NA,NA,NA,NA,NA,NA,NA,NA,NA,NA,NA,NA,NA,NA,1.41428571428571
2017,"201729PDGN1_ciat_12","201729PDGN1_ciat_rep1_CPDCR5B-053_11","CPDCR5B-053",1,NA,NA,NA,NA,NA,NA,NA,NA,NA,NA,50,NA,NA,NA,2.87142857142857
2017,"201729PDGN1_ciat_12","201729PDGN1_ciat_rep1_CPDCR5B-069A_10","CPDCR5B-069A",1,NA,NA,NA,NA,NA,NA,NA,NA,NA,NA,60,NA,NA,NA,0.842857142857143
2017,"201729PDGN1_ciat_12","201729PDGN1_ciat_rep1_CPDCR5B-096_8","CPDCR5B-096",1,NA,NA,NA,NA,NA,NA,NA,NA,NA,NA,60,NA,NA,NA,3.65454545454545
2017,"201729PDGN1_ciat_12","201729PDGN1_ciat_rep1_HMC1_18","HMC1P12_is_HMC1",1,NA,NA,NA,NA,NA,NA,NA,NA,NA,NA,20,NA,NA,NA,2.69565217391304
2017,"201729PDGN1_ciat_12","201729PDGN1_ciat_rep1_PER183_14","PER183",1,NA,NA,NA,NA,NA,NA,NA,NA,NA,NA,20,NA,NA,NA,1.52
2022,"201835PDGN1_ciat_12","201835PDGN1_ciat_rep1_AM206-5_52","AM206-5",1,NA,NA,NA,NA,NA,NA,NA,NA,NA,NA,41,32.1877810104252,NA,NA,1.63333333333333
2022,"201835PDGN1_ciat_12","201835PDGN1_ciat_rep1_B1PD280-008_1","B1PD280-008",1,NA,NA,NA,NA,NA,NA,NA,NA,NA,NA,53,35.0114080814038,NA,NA,0.185185185185185
2022,"201835PDGN1_ciat_12","201835PDGN1_ciat_rep1_C4_48","C4",1,NA,NA,NA,NA,NA,NA,NA,NA,NA,NA,34,39.8417509785672,NA,NA,1.50909090909091
2022,"201835PDGN1_ciat_12","201835PDGN1_ciat_rep1_CM523-7_53","CM523-7_is_Catumare",1,NA,NA,NA,NA,NA,NA,NA,NA,NA,NA,23,41.6138849622217,NA,NA,1.35185185185185
2022,"201835PDGN1_ciat_12","201835PDGN1_ciat_rep1_COL22_50","COL22",1,NA,NA,NA,NA,NA,NA,NA,NA,NA,NA,46,37.0268258615833,NA,NA,0.377777777777778
2022,"201835PDGN1_ciat_12","201835PDGN1_ciat_rep1_CPDCR1B-002_2","CPDCR1B-002",1,NA,NA,NA,NA,NA,NA,NA,NA,NA,NA,29,33.0951857426766,NA,NA,NA
2022,"201835PDGN1_ciat_12","201835PDGN1_ciat_rep1_CPDCR1B-008_3","CPDCR1B-008",1,NA,NA,NA,NA,NA,NA,NA,NA,NA,NA,34,39.2651779025419,NA,NA,1.875
2022,"201835PDGN1_ciat_12","201835PDGN1_ciat_rep1_CPDCR1B-013_4","CPDCR1B-013",1,NA,NA,NA,NA,NA,NA,NA,NA,NA,NA,46,41.1696188045499,NA,NA,3.24390243902439
2022,"201835PDGN1_ciat_12","201835PDGN1_ciat_rep1_CPDCR1B-015_5","CPDCR1B-015",1,NA,NA,NA,NA,NA,NA,NA,NA,NA,NA,24,38.6204840939337,NA,NA,1.51219512195122
2022,"201835PDGN1_ciat_12","201835PDGN1_ciat_rep1_CPDCR1B-018_6","CPDCR1B-018",1,NA,NA,NA,NA,NA,NA,NA,NA,NA,NA,57,36.7264126672444,NA,NA,NA
2022,"201835PDGN1_ciat_12","201835PDGN1_ciat_rep1_CPDCR1B-026_7","CPDCR1B-026",1,NA,NA,NA,NA,NA,NA,NA,NA,NA,NA,48,32.6524167747426,NA,NA,0.229508196721311
2022,"201835PDGN1_ciat_12","201835PDGN1_ciat_rep1_CPDCR1B-027_8","CPDCR1B-027",1,NA,NA,NA,NA,NA,NA,NA,NA,NA,NA,36,38.193171349019,NA,NA,2.275
2022,"201835PDGN1_ciat_12","201835PDGN1_ciat_rep1_CPDCR1B-028_9","CPDCR1B-028",1,NA,NA,NA,NA,NA,NA,NA,NA,NA,NA,25,40.5329325600137,NA,NA,0.363636363636364
2022,"201835PDGN1_ciat_12","201835PDGN1_ciat_rep1_CPDCR1B-043_10","CPDCR1B-043",1,NA,NA,NA,NA,NA,NA,NA,NA,NA,NA,25,39.5500994496395,NA,NA,1.29166666666667
2022,"201835PDGN1_ciat_12","201835PDGN1_ciat_rep1_CPDCR1B-046_11","CPDCR1B-046",1,NA,NA,NA,NA,NA,NA,NA,NA,NA,NA,30,36.5940928546872,NA,NA,0.691176470588235
2022,"201835PDGN1_ciat_12","201835PDGN1_ciat_rep1_CPDCR1B-047_12","CPDCR1B-047",1,NA,NA,NA,NA,NA,NA,NA,NA,NA,NA,60,42.1272842395692,NA,NA,NA
2022,"201835PDGN1_ciat_12","201835PDGN1_ciat_rep1_CPDCR1B-048_13","CPDCR1B-048",1,NA,NA,NA,NA,NA,NA,NA,NA,NA,NA,25,39.4801269757074,NA,NA,0.672727272727273
2022,"201835PDGN1_ciat_12","201835PDGN1_ciat_rep1_CPDCR1B-051_14","CPDCR1B-051",1,NA,NA,NA,NA,NA,NA,NA,NA,NA,NA,26,39.1142473896899,NA,NA,NA
2022,"201835PDGN1_ciat_12","201835PDGN1_ciat_rep1_CPDCR1B-052_15","CPDCR1B-052",1,NA,NA,NA,NA,NA,NA,NA,NA,NA,NA,24,37.1878643161202,NA,NA,0.754098360655738
2022,"201835PDGN1_ciat_12","201835PDGN1_ciat_rep1_CPDCR1B-054_16","CPDCR1B-054",1,NA,NA,NA,NA,NA,NA,NA,NA,NA,NA,47,36.6643162595945,NA,NA,1.46666666666667
2022,"201835PDGN1_ciat_12","201835PDGN1_ciat_rep1_CPDCR1B-061_17","CPDCR1B-061",1,NA,NA,NA,NA,NA,NA,NA,NA,NA,NA,29,32.9859737119511,NA,NA,NA
2022,"201835PDGN1_ciat_12","201835PDGN1_ciat_rep1_CPDCR1B-062_18","CPDCR1B-062",1,NA,NA,NA,NA,NA,NA,NA,NA,NA,NA,24,38.2489916225837,NA,NA,0.41025641025641
2022,"201835PDGN1_ciat_12","201835PDGN1_ciat_rep1_CPDCR1B-064_19","CPDCR1B-064",1,NA,NA,NA,NA,NA,NA,NA,NA,NA,NA,23,40.0701037612571,NA,NA,0.636363636363636
2022,"201835PDGN1_ciat_12","201835PDGN1_ciat_rep1_CPDCR1B-065_20","CPDCR1B-065",1,NA,NA,NA,NA,NA,NA,NA,NA,NA,NA,28,37.9208173451986,NA,NA,0.685714285714286
2022,"201835PDGN1_ciat_12","201835PDGN1_ciat_rep1_CPDCR1B-067_21","CPDCR1B-067",1,NA,NA,NA,NA,NA,NA,NA,NA,NA,NA,NA,33.0580339184396,NA,NA,NA
2022,"201835PDGN1_ciat_12","201835PDGN1_ciat_rep1_CPDCR1B-068_22","CPDCR1B-068",1,NA,NA,NA,NA,NA,NA,NA,NA,NA,NA,24,41.5138658243418,NA,NA,4.44285714285714
2022,"201835PDGN1_ciat_12","201835PDGN1_ciat_rep1_CPDCR1B-074_23","CPDCR1B-074",1,NA,NA,NA,NA,NA,NA,NA,NA,NA,NA,32,33.314374251261,NA,NA,1.09433962264151
2022,"201835PDGN1_ciat_12","201835PDGN1_ciat_rep1_CPDCR1B-076_24","CPDCR1B-076",1,NA,NA,NA,NA,NA,NA,NA,NA,NA,NA,47,41.7690341305461,NA,NA,5.02040816326531
2022,"201835PDGN1_ciat_12","201835PDGN1_ciat_rep1_CPDCR1B-080_25","CPDCR1B-080",1,NA,NA,NA,NA,NA,NA,NA,NA,NA,NA,29,37.0645067122082,NA,NA,0.650793650793651
2022,"201835PDGN1_ciat_12","201835PDGN1_ciat_rep1_CPDCR1B-082_26","CPDCR1B-082",1,NA,NA,NA,NA,NA,NA,NA,NA,NA,NA,36,35.325227243018,NA,NA,NA
2022,"201835PDGN1_ciat_12","201835PDGN1_ciat_rep1_CPDCR1B-083_27","CPDCR1B-083",1,NA,NA,NA,NA,NA,NA,NA,NA,NA,NA,26,40.8232782531901,NA,NA,NA
2022,"201835PDGN1_ciat_12","201835PDGN1_ciat_rep1_CPDCR1B-086_28","CPDCR1B-086",1,NA,NA,NA,NA,NA,NA,NA,NA,NA,NA,57,37.3697227777537,NA,NA,NA
2022,"201835PDGN1_ciat_12","201835PDGN1_ciat_rep1_CPDCR1B-087_29","CPDCR1B-087",1,NA,NA,NA,NA,NA,NA,NA,NA,NA,NA,24,41.6494129124729,NA,NA,NA
2022,"201835PDGN1_ciat_12","201835PDGN1_ciat_rep1_CPDCR5B-002_30","CPDCR5B-002",1,NA,NA,NA,NA,NA,NA,NA,NA,NA,NA,25,38.842335080568,NA,NA,NA
2022,"201835PDGN1_ciat_12","201835PDGN1_ciat_rep1_CPDCR5B-014_31","CPDCR5B-014",1,NA,NA,NA,NA,NA,NA,NA,NA,NA,NA,36,38.0922886119097,NA,NA,NA
2022,"201835PDGN1_ciat_12","201835PDGN1_ciat_rep1_CPDCR5B-016_32","CPDCR5B-016",1,NA,NA,NA,NA,NA,NA,NA,NA,NA,NA,71,34.7981533590375,NA,NA,0.625
2022,"201835PDGN1_ciat_12","201835PDGN1_ciat_rep1_CPDCR5B-023_33","CPDCR5B-023",1,NA,NA,NA,NA,NA,NA,NA,NA,NA,NA,NA,36.6155933077035,NA,NA,NA
2022,"201835PDGN1_ciat_12","201835PDGN1_ciat_rep1_CPDCR5B-025_34","CPDCR5B-025",1,NA,NA,NA,NA,NA,NA,NA,NA,NA,NA,39,43.8892321272462,NA,NA,NA
2022,"201835PDGN1_ciat_12","201835PDGN1_ciat_rep1_CPDCR5B-027_35","CPDCR5B-027",1,NA,NA,NA,NA,NA,NA,NA,NA,NA,NA,41,37.9158918393814,NA,NA,NA
2022,"201835PDGN1_ciat_12","201835PDGN1_ciat_rep1_CPDCR5B-029_36","CPDCR5B-029",1,NA,NA,NA,NA,NA,NA,NA,NA,NA,NA,34,39.2465702183018,NA,NA,NA
2022,"201835PDGN1_ciat_12","201835PDGN1_ciat_rep1_CPDCR5B-036_37","CPDCR5B-036",1,NA,NA,NA,NA,NA,NA,NA,NA,NA,NA,37,38.825224834418,NA,NA,NA
2022,"201835PDGN1_ciat_12","201835PDGN1_ciat_rep1_CPDCR5B-043_38","CPDCR5B-043",1,NA,NA,NA,NA,NA,NA,NA,NA,NA,NA,NA,38.9595451314267,NA,NA,NA
2022,"201835PDGN1_ciat_12","201835PDGN1_ciat_rep1_CPDCR5B-051_39","CPDCR5B-051",1,NA,NA,NA,NA,NA,NA,NA,NA,NA,NA,44,37.5201587408769,NA,NA,NA
2022,"201835PDGN1_ciat_12","201835PDGN1_ciat_rep1_CPDCR5B-053_40","CPDCR5B-053",1,NA,NA,NA,NA,NA,NA,NA,NA,NA,NA,34,35.9714296408733,NA,NA,1.71641791044776
2022,"201835PDGN1_ciat_12","201835PDGN1_ciat_rep1_CPDCR5B-061_41","CPDCR5B-061",1,NA,NA,NA,NA,NA,NA,NA,NA,NA,NA,38,38.0100906446132,NA,NA,NA
2022,"201835PDGN1_ciat_12","201835PDGN1_ciat_rep1_CPDCR5B-065_42","CPDCR5B-065",1,NA,NA,NA,NA,NA,NA,NA,NA,NA,NA,26,41.6633636975449,NA,NA,NA
2022,"201835PDGN1_ciat_12","201835PDGN1_ciat_rep1_CPDCR5B-069A_43","CPDCR5B-069A",1,NA,NA,NA,NA,NA,NA,NA,NA,NA,NA,28,36.1917604825225,NA,NA,1.06666666666667
2022,"201835PDGN1_ciat_12","201835PDGN1_ciat_rep1_CPDCR5B-087_44","CPDCR5B-087",1,NA,NA,NA,NA,NA,NA,NA,NA,NA,NA,38,36.5309741054076,NA,NA,NA
2022,"201835PDGN1_ciat_12","201835PDGN1_ciat_rep1_CPDCR5B-089_45","CPDCR5B-089",1,NA,NA,NA,NA,NA,NA,NA,NA,NA,NA,26,40.8442637763075,NA,NA,NA
2022,"201835PDGN1_ciat_12","201835PDGN1_ciat_rep1_CPDCR5B-096_46","CPDCR5B-096",1,NA,NA,NA,NA,NA,NA,NA,NA,NA,NA,43,30.9984515454831,NA,NA,1.48571428571429
2022,"201835PDGN1_ciat_12","201835PDGN1_ciat_rep1_CPDCR5B-109_47","CPDCR5B-109",1,NA,NA,NA,NA,NA,NA,NA,NA,NA,NA,40,42.2953296797286,NA,NA,1.42553191489362
2022,"201835PDGN1_ciat_12","201835PDGN1_ciat_rep1_HMC1_49","HMC1P12_is_HMC1",1,NA,NA,NA,NA,NA,NA,NA,NA,NA,NA,32,41.8506070697848,NA,NA,0.692307692307692
2022,"201835PDGN1_ciat_12","201835PDGN1_ciat_rep1_PER183_51","PER183",1,NA,NA,NA,NA,NA,NA,NA,NA,NA,NA,27,38.3545555390525,NA,NA,0.583333333333333
2019,"201922PDGN1_ciat_12","201922PDGN1_ciat_rep1_AM206-5_52","AM206-5",1,NA,NA,NA,NA,NA,NA,NA,NA,NA,NA,25,38.91,NA,NA,5.93939393939394
2019,"201922PDGN1_ciat_12","201922PDGN1_ciat_rep1_B1PD280-008_1","B1PD280-008",1,NA,NA,NA,NA,NA,NA,NA,NA,NA,NA,45,36.25,NA,NA,2.94
2019,"201922PDGN1_ciat_12","201922PDGN1_ciat_rep1_C4_48","C4",1,NA,NA,NA,NA,NA,NA,NA,NA,NA,NA,50,31.84,NA,NA,5.4375
2019,"201922PDGN1_ciat_12","201922PDGN1_ciat_rep1_CM523-7_53","CM523-7_is_Catumare",1,NA,NA,NA,NA,NA,NA,NA,NA,NA,NA,40,41.73,NA,NA,6.57575757575758
2019,"201922PDGN1_ciat_12","201922PDGN1_ciat_rep1_COL22_50","COL22",1,NA,NA,NA,NA,NA,NA,NA,NA,NA,NA,60,38.42,NA,NA,3.19047619047619
2019,"201922PDGN1_ciat_12","201922PDGN1_ciat_rep1_CPDCR1B-002_2","CPDCR1B-002",1,NA,NA,NA,NA,NA,NA,NA,NA,NA,NA,50,33.34,NA,NA,NA
2019,"201922PDGN1_ciat_12","201922PDGN1_ciat_rep1_CPDCR1B-008_3","CPDCR1B-008",1,NA,NA,NA,NA,NA,NA,NA,NA,NA,NA,NA,41.91,NA,NA,4.46268656716418
2019,"201922PDGN1_ciat_12","201922PDGN1_ciat_rep1_CPDCR1B-013_4","CPDCR1B-013",1,NA,NA,NA,NA,NA,NA,NA,NA,NA,NA,40,40.28,NA,NA,3.90163934426229
2019,"201922PDGN1_ciat_12","201922PDGN1_ciat_rep1_CPDCR1B-015_5","CPDCR1B-015",1,NA,NA,NA,NA,NA,NA,NA,NA,NA,NA,25,38.84,NA,NA,5.32075471698113
2019,"201922PDGN1_ciat_12","201922PDGN1_ciat_rep1_CPDCR1B-018_6","CPDCR1B-018",1,NA,NA,NA,NA,NA,NA,NA,NA,NA,NA,60,33.61,NA,NA,NA
2019,"201922PDGN1_ciat_12","201922PDGN1_ciat_rep1_CPDCR1B-026_7","CPDCR1B-026",1,NA,NA,NA,NA,NA,NA,NA,NA,NA,NA,60,31.53,NA,NA,2.78787878787879
2019,"201922PDGN1_ciat_12","201922PDGN1_ciat_rep1_CPDCR1B-027_8","CPDCR1B-027",1,NA,NA,NA,NA,NA,NA,NA,NA,NA,NA,60,30.61,NA,NA,4.15
2019,"201922PDGN1_ciat_12","201922PDGN1_ciat_rep1_CPDCR1B-028_9","CPDCR1B-028",1,NA,NA,NA,NA,NA,NA,NA,NA,NA,NA,40,40.27,NA,NA,5.45454545454545
2019,"201922PDGN1_ciat_12","201922PDGN1_ciat_rep1_CPDCR1B-043_10","CPDCR1B-043",1,NA,NA,NA,NA,NA,NA,NA,NA,NA,NA,20,36.72,NA,NA,3.29850746268657
2019,"201922PDGN1_ciat_12","201922PDGN1_ciat_rep1_CPDCR1B-046_11","CPDCR1B-046",1,NA,NA,NA,NA,NA,NA,NA,NA,NA,NA,20,33.49,NA,NA,5.12280701754386
2019,"201922PDGN1_ciat_12","201922PDGN1_ciat_rep1_CPDCR1B-047_12","CPDCR1B-047",1,NA,NA,NA,NA,NA,NA,NA,NA,NA,NA,50,45.76,NA,NA,NA
2019,"201922PDGN1_ciat_12","201922PDGN1_ciat_rep1_CPDCR1B-048_13","CPDCR1B-048",1,NA,NA,NA,NA,NA,NA,NA,NA,NA,NA,28,40.37,NA,NA,2.81818181818182
2019,"201922PDGN1_ciat_12","201922PDGN1_ciat_rep1_CPDCR1B-051_14","CPDCR1B-051",1,NA,NA,NA,NA,NA,NA,NA,NA,NA,NA,20,39.53,NA,NA,NA
2019,"201922PDGN1_ciat_12","201922PDGN1_ciat_rep1_CPDCR1B-052_15","CPDCR1B-052",1,NA,NA,NA,NA,NA,NA,NA,NA,NA,NA,60,32.97,NA,NA,1.96078431372549
2019,"201922PDGN1_ciat_12","201922PDGN1_ciat_rep1_CPDCR1B-054_16","CPDCR1B-054",1,NA,NA,NA,NA,NA,NA,NA,NA,NA,NA,30,40.2,NA,NA,3.04166666666667
2019,"201922PDGN1_ciat_12","201922PDGN1_ciat_rep1_CPDCR1B-061_17","CPDCR1B-061",1,NA,NA,NA,NA,NA,NA,NA,NA,NA,NA,60,32.16,NA,NA,NA
2019,"201922PDGN1_ciat_12","201922PDGN1_ciat_rep1_CPDCR1B-062_18","CPDCR1B-062",1,NA,NA,NA,NA,NA,NA,NA,NA,NA,NA,40,36.27,NA,NA,6.16666666666667
2019,"201922PDGN1_ciat_12","201922PDGN1_ciat_rep1_CPDCR1B-064_19","CPDCR1B-064",1,NA,NA,NA,NA,NA,NA,NA,NA,NA,NA,30,36.69,NA,NA,2.34042553191489
2019,"201922PDGN1_ciat_12","201922PDGN1_ciat_rep1_CPDCR1B-065_20","CPDCR1B-065",1,NA,NA,NA,NA,NA,NA,NA,NA,NA,NA,45,37.19,NA,NA,2.43243243243243
2019,"201922PDGN1_ciat_12","201922PDGN1_ciat_rep1_CPDCR1B-067_21","CPDCR1B-067",1,NA,NA,NA,NA,NA,NA,NA,NA,NA,NA,60,28.96,NA,NA,NA
2019,"201922PDGN1_ciat_12","201922PDGN1_ciat_rep1_CPDCR1B-068_22","CPDCR1B-068",1,NA,NA,NA,NA,NA,NA,NA,NA,NA,NA,20,40.21,NA,NA,5.4
2019,"201922PDGN1_ciat_12","201922PDGN1_ciat_rep1_CPDCR1B-074_23","CPDCR1B-074",1,NA,NA,NA,NA,NA,NA,NA,NA,NA,NA,60,30.94,NA,NA,4
2019,"201922PDGN1_ciat_12","201922PDGN1_ciat_rep1_CPDCR1B-076_24","CPDCR1B-076",1,NA,NA,NA,NA,NA,NA,NA,NA,NA,NA,30,39.84,NA,NA,3.45588235294118
2019,"201922PDGN1_ciat_12","201922PDGN1_ciat_rep1_CPDCR1B-080_25","CPDCR1B-080",1,NA,NA,NA,NA,NA,NA,NA,NA,NA,NA,50,35.57,NA,NA,2.05970149253731
2019,"201922PDGN1_ciat_12","201922PDGN1_ciat_rep1_CPDCR1B-082_26","CPDCR1B-082",1,NA,NA,NA,NA,NA,NA,NA,NA,NA,NA,20,34.5,NA,NA,NA
2019,"201922PDGN1_ciat_12","201922PDGN1_ciat_rep1_CPDCR1B-083_27","CPDCR1B-083",1,NA,NA,NA,NA,NA,NA,NA,NA,NA,NA,60,36.89,NA,NA,NA
2019,"201922PDGN1_ciat_12","201922PDGN1_ciat_rep1_CPDCR1B-086_28","CPDCR1B-086",1,NA,NA,NA,NA,NA,NA,NA,NA,NA,NA,20,40.27,NA,NA,NA
2019,"201922PDGN1_ciat_12","201922PDGN1_ciat_rep1_CPDCR1B-087_29","CPDCR1B-087",1,NA,NA,NA,NA,NA,NA,NA,NA,NA,NA,25,40.84,NA,NA,NA
2019,"201922PDGN1_ciat_12","201922PDGN1_ciat_rep1_CPDCR5B-002_30","CPDCR5B-002",1,NA,NA,NA,NA,NA,NA,NA,NA,NA,NA,50,34.01,NA,NA,NA
2019,"201922PDGN1_ciat_12","201922PDGN1_ciat_rep1_CPDCR5B-014_31","CPDCR5B-014",1,NA,NA,NA,NA,NA,NA,NA,NA,NA,NA,60,37.8,NA,NA,NA
2019,"201922PDGN1_ciat_12","201922PDGN1_ciat_rep1_CPDCR5B-016_32","CPDCR5B-016",1,NA,NA,NA,NA,NA,NA,NA,NA,NA,NA,60,30.39,NA,NA,1.41176470588235
2019,"201922PDGN1_ciat_12","201922PDGN1_ciat_rep1_CPDCR5B-023_33","CPDCR5B-023",1,NA,NA,NA,NA,NA,NA,NA,NA,NA,NA,20,30.16,NA,NA,NA
2019,"201922PDGN1_ciat_12","201922PDGN1_ciat_rep1_CPDCR5B-025_34","CPDCR5B-025",1,NA,NA,NA,NA,NA,NA,NA,NA,NA,NA,30,29.09,NA,NA,NA
2019,"201922PDGN1_ciat_12","201922PDGN1_ciat_rep1_CPDCR5B-027_35","CPDCR5B-027",1,NA,NA,NA,NA,NA,NA,NA,NA,NA,NA,60,32.06,NA,NA,NA
2019,"201922PDGN1_ciat_12","201922PDGN1_ciat_rep1_CPDCR5B-029_36","CPDCR5B-029",1,NA,NA,NA,NA,NA,NA,NA,NA,NA,NA,20,39.85,NA,NA,NA
2019,"201922PDGN1_ciat_12","201922PDGN1_ciat_rep1_CPDCR5B-036_37","CPDCR5B-036",1,NA,NA,NA,NA,NA,NA,NA,NA,NA,NA,30,34.51,NA,NA,NA
2019,"201922PDGN1_ciat_12","201922PDGN1_ciat_rep1_CPDCR5B-043_38","CPDCR5B-043",1,NA,NA,NA,NA,NA,NA,NA,NA,NA,NA,NA,38.56,NA,NA,NA
2019,"201922PDGN1_ciat_12","201922PDGN1_ciat_rep1_CPDCR5B-051_39","CPDCR5B-051",1,NA,NA,NA,NA,NA,NA,NA,NA,NA,NA,25,39.21,NA,NA,NA
2019,"201922PDGN1_ciat_12","201922PDGN1_ciat_rep1_CPDCR5B-053_40","CPDCR5B-053",1,NA,NA,NA,NA,NA,NA,NA,NA,NA,NA,NA,25.86,NA,NA,NA
2019,"201922PDGN1_ciat_12","201922PDGN1_ciat_rep1_CPDCR5B-061_41","CPDCR5B-061",1,NA,NA,NA,NA,NA,NA,NA,NA,NA,NA,60,38.86,NA,NA,NA
2019,"201922PDGN1_ciat_12","201922PDGN1_ciat_rep1_CPDCR5B-065_42","CPDCR5B-065",1,NA,NA,NA,NA,NA,NA,NA,NA,NA,NA,NA,38.06,NA,NA,NA
2019,"201922PDGN1_ciat_12","201922PDGN1_ciat_rep1_CPDCR5B-069A_43","CPDCR5B-069A",1,NA,NA,NA,NA,NA,NA,NA,NA,NA,NA,NA,31.5,NA,NA,NA
2019,"201922PDGN1_ciat_12","201922PDGN1_ciat_rep1_CPDCR5B-087_44","CPDCR5B-087",1,NA,NA,NA,NA,NA,NA,NA,NA,NA,NA,30,32.56,NA,NA,NA
2019,"201922PDGN1_ciat_12","201922PDGN1_ciat_rep1_CPDCR5B-089_45","CPDCR5B-089",1,NA,NA,NA,NA,NA,NA,NA,NA,NA,NA,35,37.49,NA,NA,NA
2019,"201922PDGN1_ciat_12","201922PDGN1_ciat_rep1_CPDCR5B-096_46","CPDCR5B-096",1,NA,NA,NA,NA,NA,NA,NA,NA,NA,NA,40,37.99,NA,NA,1.3448275862069
2019,"201922PDGN1_ciat_12","201922PDGN1_ciat_rep1_CPDCR5B-109_47","CPDCR5B-109",1,NA,NA,NA,NA,NA,NA,NA,NA,NA,NA,35,38.52,NA,NA,3.82
2019,"201922PDGN1_ciat_12","201922PDGN1_ciat_rep1_HMC1_49","HMC1P12_is_HMC1",1,NA,NA,NA,NA,NA,NA,NA,NA,NA,NA,50,39.54,NA,NA,1
2019,"201922PDGN1_ciat_12","201922PDGN1_ciat_rep1_PER183_51","PER183",1,NA,NA,NA,NA,NA,NA,NA,NA,NA,NA,25,35.5,NA,NA,0.62962962962963
2017,"201780PDGN1_ciat_12","201780PDGN1_ciat_rep1_CPDCR1B-002_63","CPDCR1B-002",1,NA,NA,NA,NA,NA,NA,NA,NA,NA,NA,45,35.6387951281184,NA,NA,NA
2017,"201780PDGN1_ciat_12","201780PDGN1_ciat_rep1_CPDCR1B-013_41","CPDCR1B-013",1,NA,NA,NA,NA,NA,NA,NA,NA,NA,NA,35,42.2833194056604,NA,NA,5.50980392156863
2017,"201780PDGN1_ciat_12","201780PDGN1_ciat_rep1_CPDCR1B-018_54","CPDCR1B-018",1,NA,NA,NA,NA,NA,NA,NA,NA,NA,NA,25,38.9058132979067,NA,NA,NA
2017,"201780PDGN1_ciat_12","201780PDGN1_ciat_rep1_CPDCR1B-019_4","CPDCR1B-019",1,NA,NA,NA,NA,NA,NA,NA,NA,NA,NA,NA,35.8709269477825,NA,NA,2.21428571428571
2017,"201780PDGN1_ciat_12","201780PDGN1_ciat_rep1_CPDCR1B-026_22","CPDCR1B-026",1,NA,NA,NA,NA,NA,NA,NA,NA,NA,NA,NA,37.5119214715053,NA,NA,1.78571428571429
2017,"201780PDGN1_ciat_12","201780PDGN1_ciat_rep1_CPDCR1B-028_17","CPDCR1B-028",1,NA,NA,NA,NA,NA,NA,NA,NA,NA,NA,NA,40.4763719113693,NA,NA,1.78260869565217
2017,"201780PDGN1_ciat_12","201780PDGN1_ciat_rep1_CPDCR1B-034_11","CPDCR1B-034",1,NA,NA,NA,NA,NA,NA,NA,NA,NA,NA,NA,38.6089545851281,NA,NA,1.29411764705882
2017,"201780PDGN1_ciat_12","201780PDGN1_ciat_rep1_CPDCR1B-046_42","CPDCR1B-046",1,NA,NA,NA,NA,NA,NA,NA,NA,NA,NA,NA,40.7396053683272,NA,NA,1.23880597014925
2017,"201780PDGN1_ciat_12","201780PDGN1_ciat_rep1_CPDCR1B-047_14","CPDCR1B-047",1,NA,NA,NA,NA,NA,NA,NA,NA,NA,NA,40,43.492692456096,NA,NA,NA
2017,"201780PDGN1_ciat_12","201780PDGN1_ciat_rep1_CPDCR1B-048_10","CPDCR1B-048",1,NA,NA,NA,NA,NA,NA,NA,NA,NA,NA,15,39.8058480889243,NA,NA,0.514285714285714
2017,"201780PDGN1_ciat_12","201780PDGN1_ciat_rep1_CPDCR1B-051_74","CPDCR1B-051",1,NA,NA,NA,NA,NA,NA,NA,NA,NA,NA,35,42.0112915077388,NA,NA,NA
2017,"201780PDGN1_ciat_12","201780PDGN1_ciat_rep1_CPDCR1B-052_12","CPDCR1B-052",1,NA,NA,NA,NA,NA,NA,NA,NA,NA,NA,15,38.9203846110199,NA,NA,0.695652173913043
2017,"201780PDGN1_ciat_12","201780PDGN1_ciat_rep1_CPDCR1B-054_27","CPDCR1B-054",1,NA,NA,NA,NA,NA,NA,NA,NA,NA,NA,25,37.8878213860323,NA,NA,1.9622641509434
2017,"201780PDGN1_ciat_12","201780PDGN1_ciat_rep1_CPDCR1B-061_21","CPDCR1B-061",1,NA,NA,NA,NA,NA,NA,NA,NA,NA,NA,25,32.1973856877315,NA,NA,NA
2017,"201780PDGN1_ciat_12","201780PDGN1_ciat_rep1_CPDCR1B-062_18","CPDCR1B-062",1,NA,NA,NA,NA,NA,NA,NA,NA,NA,NA,NA,37.1964965524509,NA,NA,1.37142857142857
2017,"201780PDGN1_ciat_12","201780PDGN1_ciat_rep1_CPDCR1B-064_13","CPDCR1B-064",1,NA,NA,NA,NA,NA,NA,NA,NA,NA,NA,40,42.7338777397846,NA,NA,1.50724637681159
2017,"201780PDGN1_ciat_12","201780PDGN1_ciat_rep1_CPDCR1B-066_1","CPDCR1B-066",1,NA,NA,NA,NA,NA,NA,NA,NA,NA,NA,60,41.0928079218468,NA,NA,NA
2017,"201780PDGN1_ciat_12","201780PDGN1_ciat_rep1_CPDCR1B-067_29","CPDCR1B-067",1,NA,NA,NA,NA,NA,NA,NA,NA,NA,NA,25,37.5455381247211,NA,NA,NA
2017,"201780PDGN1_ciat_12","201780PDGN1_ciat_rep1_CPDCR1B-074_37","CPDCR1B-074",1,NA,NA,NA,NA,NA,NA,NA,NA,NA,NA,35,41.3584040755188,NA,NA,2.85714285714286
2017,"201780PDGN1_ciat_12","201780PDGN1_ciat_rep1_CPDCR1B-075_91","CPDCR1B-075",1,NA,NA,NA,NA,NA,NA,NA,NA,NA,NA,60,42.1691375374054,NA,NA,2.38181818181818
2017,"201780PDGN1_ciat_12","201780PDGN1_ciat_rep1_CPDCR1B-076_9","CPDCR1B-076",1,NA,NA,NA,NA,NA,NA,NA,NA,NA,NA,25,43.9385303640338,NA,NA,6.48387096774194
2017,"201780PDGN1_ciat_12","201780PDGN1_ciat_rep1_CPDCR1B-080_20","CPDCR1B-080",1,NA,NA,NA,NA,NA,NA,NA,NA,NA,NA,25,38.0031694840105,NA,NA,0.171428571428571
2017,"201780PDGN1_ciat_12","201780PDGN1_ciat_rep1_CPDCR1B-082_2","CPDCR1B-082",1,NA,NA,NA,NA,NA,NA,NA,NA,NA,NA,15,41.6003361974013,NA,NA,NA
2017,"201780PDGN1_ciat_12","201780PDGN1_ciat_rep1_CPDCR1B-083_55","CPDCR1B-083",1,NA,NA,NA,NA,NA,NA,NA,NA,NA,NA,35,43.1554719457093,NA,NA,NA
2017,"201780PDGN1_ciat_12","201780PDGN1_ciat_rep1_CPDCR1B-084_47","CPDCR1B-084",1,NA,NA,NA,NA,NA,NA,NA,NA,NA,NA,60,37.0654278292173,NA,NA,NA
2017,"201780PDGN1_ciat_12","201780PDGN1_ciat_rep1_CPDCR1B-086_62","CPDCR1B-086",1,NA,NA,NA,NA,NA,NA,NA,NA,NA,NA,25,40.2315148564348,NA,NA,NA
2017,"201780PDGN1_ciat_12","201780PDGN1_ciat_rep1_CPDCR1B-087_30","CPDCR1B-087",1,NA,NA,NA,NA,NA,NA,NA,NA,NA,NA,20,40.6438728620766,NA,NA,NA
2017,"201780PDGN1_ciat_12","201780PDGN1_ciat_rep1_CPDCR5B-002_44","CPDCR5B-002",1,NA,NA,NA,NA,NA,NA,NA,NA,NA,NA,25,35.6516222657831,NA,NA,NA
2017,"201780PDGN1_ciat_12","201780PDGN1_ciat_rep1_CPDCR5B-014_50","CPDCR5B-014",1,NA,NA,NA,NA,NA,NA,NA,NA,NA,NA,45,40.5901362828647,NA,NA,NA
2017,"201780PDGN1_ciat_12","201780PDGN1_ciat_rep1_CPDCR5B-023_73","CPDCR5B-023",1,NA,NA,NA,NA,NA,NA,NA,NA,NA,NA,25,39.423501830476,NA,NA,NA
2017,"201780PDGN1_ciat_12","201780PDGN1_ciat_rep1_CPDCR5B-025_46","CPDCR5B-025",1,NA,NA,NA,NA,NA,NA,NA,NA,NA,NA,45,42.3576862585318,NA,NA,NA
2017,"201780PDGN1_ciat_12","201780PDGN1_ciat_rep1_CPDCR5B-027_72","CPDCR5B-027",1,NA,NA,NA,NA,NA,NA,NA,NA,NA,NA,45,37.6214321967487,NA,NA,NA
2017,"201780PDGN1_ciat_12","201780PDGN1_ciat_rep1_CPDCR5B-029_60","CPDCR5B-029",1,NA,NA,NA,NA,NA,NA,NA,NA,NA,NA,25,42.5324432309018,NA,NA,NA
2017,"201780PDGN1_ciat_12","201780PDGN1_ciat_rep1_CPDCR5B-035_43","CPDCR5B-035",1,NA,NA,NA,NA,NA,NA,NA,NA,NA,NA,60,38.6456555525619,NA,NA,NA
2017,"201780PDGN1_ciat_12","201780PDGN1_ciat_rep1_CPDCR5B-036_93","CPDCR5B-036",1,NA,NA,NA,NA,NA,NA,NA,NA,NA,NA,NA,42.0798516820972,NA,NA,1.46428571428571
2017,"201780PDGN1_ciat_12","201780PDGN1_ciat_rep1_CPDCR5B-051_88","CPDCR5B-051",1,NA,NA,NA,NA,NA,NA,NA,NA,NA,NA,35,35.3803655419486,NA,NA,NA
2017,"201780PDGN1_ciat_12","201780PDGN1_ciat_rep1_CPDCR5B-061_92","CPDCR5B-061",1,NA,NA,NA,NA,NA,NA,NA,NA,NA,NA,35,41.393230212271,NA,NA,NA
2017,"201780PDGN1_ciat_12","201780PDGN1_ciat_rep1_CPDCR5B-065_53","CPDCR5B-065",1,NA,NA,NA,NA,NA,NA,NA,NA,NA,NA,45,41.9177581375233,NA,NA,NA
2017,"201780PDGN1_ciat_12","201780PDGN1_ciat_rep1_CPDCR5B-083_64","CPDCR5B-083",1,NA,NA,NA,NA,NA,NA,NA,NA,NA,NA,60,42.2973403690422,NA,NA,NA
2017,"201780PDGN1_ciat_12","201780PDGN1_ciat_rep1_CPDCR5B-087_65","CPDCR5B-087",1,NA,NA,NA,NA,NA,NA,NA,NA,NA,NA,35,40.0651880304963,NA,NA,NA
2017,"201780PDGN1_ciat_12","201780PDGN1_ciat_rep1_CPDCR5B-089_80","CPDCR5B-089",1,NA,NA,NA,NA,NA,NA,NA,NA,NA,NA,NA,40.0576393322041,NA,NA,NA
2017,"201780PDGN1_ciat_12","201780PDGN1_ciat_rep1_CPDCR5B-109_38","CPDCR5B-109",1,NA,NA,NA,NA,NA,NA,NA,NA,NA,NA,35,42.645998380009,NA,NA,1.92307692307692
2013,"201397PDGN1_ciat_12","201397PDGN1_ciat_rep1_B1PD280-008_15","B1PD280-008",1,NA,NA,NA,NA,NA,NA,NA,NA,NA,NA,NA,39.881304969288,59.7467725099675,25.3472222222222,2.71428571428571
2013,"201397PDGN1_ciat_12","201397PDGN1_ciat_rep1_B1PD280-040_6","B1PD280-040",1,NA,NA,NA,NA,NA,NA,NA,NA,NA,NA,NA,31.1935549766098,50.2079441203903,36.4583333333333,0.405797101449275
2013,"201397PDGN1_ciat_12","201397PDGN1_ciat_rep1_C4_103","C4",1,NA,NA,NA,NA,NA,NA,NA,NA,NA,NA,NA,34.6136989946918,98.2328115163676,21.5277777777778,1.36842105263158
2013,"201397PDGN1_ciat_12","201397PDGN1_ciat_rep1_CPDCR1B-008_3","CPDCR1B-008",1,NA,NA,NA,NA,NA,NA,NA,NA,NA,NA,NA,44.1297892796026,74.9706455369691,33.3333333333333,6.61428571428571
2013,"201397PDGN1_ciat_12","201397PDGN1_ciat_rep1_CPDCR1B-013_42","CPDCR1B-013",1,NA,NA,NA,NA,NA,NA,NA,NA,NA,NA,NA,41.1187515585687,85.74605969248,36.1111111111111,4.80597014925373
2013,"201397PDGN1_ciat_12","201397PDGN1_ciat_rep1_CPDCR1B-015_89","CPDCR1B-015",1,NA,NA,NA,NA,NA,NA,NA,NA,NA,NA,NA,40.7000363192923,76.9890917263669,18.4027777777778,2.83870967741935
2013,"201397PDGN1_ciat_12","201397PDGN1_ciat_rep1_CPDCR1B-019_4","CPDCR1B-019",1,NA,NA,NA,NA,NA,NA,NA,NA,NA,NA,NA,37.4778002516088,170.434598493954,31.5972222222222,2.62686567164179
2013,"201397PDGN1_ciat_12","201397PDGN1_ciat_rep1_CPDCR1B-026_22","CPDCR1B-026",1,NA,NA,NA,NA,NA,NA,NA,NA,NA,NA,NA,39.8892455655647,89.1167810163244,23.6111111111111,3.74137931034483
2013,"201397PDGN1_ciat_12","201397PDGN1_ciat_rep1_CPDCR1B-027_35","CPDCR1B-027",1,NA,NA,NA,NA,NA,NA,NA,NA,NA,NA,NA,37.3601704932933,86.6885582558065,28.125,1.21538461538462
2013,"201397PDGN1_ciat_12","201397PDGN1_ciat_rep1_CPDCR1B-028_17","CPDCR1B-028",1,NA,NA,NA,NA,NA,NA,NA,NA,NA,NA,NA,37.6774331088872,97.6630341254478,18.4027777777778,1.62857142857143
2013,"201397PDGN1_ciat_12","201397PDGN1_ciat_rep1_CPDCR1B-034_11","CPDCR1B-034",1,NA,NA,NA,NA,NA,NA,NA,NA,NA,NA,NA,38.2685727559002,163.668999404928,38.8888888888889,2.51428571428571
2013,"201397PDGN1_ciat_12","201397PDGN1_ciat_rep1_CPDCR1B-043_28","CPDCR1B-043",1,NA,NA,NA,NA,NA,NA,NA,NA,NA,NA,NA,39.8947696131609,44.7568682508497,31.5972222222222,1.8
2013,"201397PDGN1_ciat_12","201397PDGN1_ciat_rep1_CPDCR1B-046_43","CPDCR1B-046",1,NA,NA,NA,NA,NA,NA,NA,NA,NA,NA,NA,39.9171369410605,140.247879174384,11.8055555555556,3.77941176470588
2013,"201397PDGN1_ciat_12","201397PDGN1_ciat_rep1_CPDCR1B-048_10","CPDCR1B-048",1,NA,NA,NA,NA,NA,NA,NA,NA,NA,NA,NA,30.8173007547309,25.3623146088021,36.1111111111111,2.07692307692308
2013,"201397PDGN1_ciat_12","201397PDGN1_ciat_rep1_CPDCR1B-052_12","CPDCR1B-052",1,NA,NA,NA,NA,NA,NA,NA,NA,NA,NA,NA,37.2017840715292,48.2460097961316,30.2083333333333,0.942857142857143
2013,"201397PDGN1_ciat_12","201397PDGN1_ciat_rep1_CPDCR1B-054_27","CPDCR1B-054",1,NA,NA,NA,NA,NA,NA,NA,NA,NA,NA,NA,39.9712902158831,121.033258615207,40.625,2.08571428571429
2013,"201397PDGN1_ciat_12","201397PDGN1_ciat_rep1_CPDCR1B-062_18","CPDCR1B-062",1,NA,NA,NA,NA,NA,NA,NA,NA,NA,NA,NA,37.6434411262612,358.263891835255,51.7361111111111,3.375
2013,"201397PDGN1_ciat_12","201397PDGN1_ciat_rep1_CPDCR1B-064_13","CPDCR1B-064",1,NA,NA,NA,NA,NA,NA,NA,NA,NA,NA,NA,39.0079692867722,63.4416398636872,50,1.64285714285714
2013,"201397PDGN1_ciat_12","201397PDGN1_ciat_rep1_CPDCR1B-065_84","CPDCR1B-065",1,NA,NA,NA,NA,NA,NA,NA,NA,NA,NA,NA,36.9873195975147,69.8133639585001,29.1666666666667,1.66666666666667
2013,"201397PDGN1_ciat_12","201397PDGN1_ciat_rep1_CPDCR1B-068_25","CPDCR1B-068",1,NA,NA,NA,NA,NA,NA,NA,NA,NA,NA,NA,39.0736697617744,45.1560969662772,25.6944444444444,4.58571428571429
2013,"201397PDGN1_ciat_12","201397PDGN1_ciat_rep1_CPDCR1B-074_38","CPDCR1B-074",1,NA,NA,NA,NA,NA,NA,NA,NA,NA,NA,NA,39.052690665682,247.081900318434,38.5416666666667,5.11428571428571
2013,"201397PDGN1_ciat_12","201397PDGN1_ciat_rep1_CPDCR1B-075_100","CPDCR1B-075",1,NA,NA,NA,NA,NA,NA,NA,NA,NA,NA,NA,38.1684310905263,124.229276058762,26.0416666666667,1.01428571428571
2013,"201397PDGN1_ciat_12","201397PDGN1_ciat_rep1_CPDCR1B-076_9","CPDCR1B-076",1,NA,NA,NA,NA,NA,NA,NA,NA,NA,NA,NA,42.79015736901,160.689267494184,31.5972222222222,5.36764705882353
2013,"201397PDGN1_ciat_12","201397PDGN1_ciat_rep1_CPDCR1B-078_24","CPDCR1B-078",1,NA,NA,NA,NA,NA,NA,NA,NA,NA,NA,NA,37.9777915745369,37.7509399068002,23.2638888888889,3.85507246376812
2013,"201397PDGN1_ciat_12","201397PDGN1_ciat_rep1_CPDCR1B-080_20","CPDCR1B-080",1,NA,NA,NA,NA,NA,NA,NA,NA,NA,NA,NA,37.6133909287257,116.507535910164,37.5,1.33333333333333
2013,"201397PDGN1_ciat_12","201397PDGN1_ciat_rep1_CPDCR5B-016_53","CPDCR5B-016",1,NA,NA,NA,NA,NA,NA,NA,NA,NA,NA,NA,36.0378834355828,66.0864976603801,19.7916666666667,1.20634920634921
2013,"201397PDGN1_ciat_12","201397PDGN1_ciat_rep1_CPDCR5B-036_102","CPDCR5B-036",1,NA,NA,NA,NA,NA,NA,NA,NA,NA,NA,NA,34.0005863153692,118.753795476486,17.0138888888889,0.0615384615384615
2013,"201397PDGN1_ciat_12","201397PDGN1_ciat_rep1_CPDCR5B-041_73","CPDCR5B-041",1,NA,NA,NA,NA,NA,NA,NA,NA,NA,NA,NA,32.5019940413353,74.3878905156895,24.6527777777778,0.681159420289855
2013,"201397PDGN1_ciat_12","201397PDGN1_ciat_rep1_CPDCR5B-043_50","CPDCR5B-043",1,NA,NA,NA,NA,NA,NA,NA,NA,NA,NA,NA,38.071054206892,61.3399082130254,40.2777777777778,0.457142857142857
2013,"201397PDGN1_ciat_12","201397PDGN1_ciat_rep1_CPDCR5B-053_88","CPDCR5B-053",1,NA,NA,NA,NA,NA,NA,NA,NA,NA,NA,NA,25.6096717963653,47.7804289286262,17.0138888888889,0.173913043478261
2013,"201397PDGN1_ciat_12","201397PDGN1_ciat_rep1_CPDCR5B-055_72","CPDCR5B-055",1,NA,NA,NA,NA,NA,NA,NA,NA,NA,NA,NA,30.0341685232317,88.810423009015,16.3194444444444,0.683333333333333
2013,"201397PDGN1_ciat_12","201397PDGN1_ciat_rep1_CPDCR5B-069A_87","CPDCR5B-069A",1,NA,NA,NA,NA,NA,NA,NA,NA,NA,NA,NA,30.981049389146,52.566716971519,25.5902777777778,0.656716417910448
2013,"201397PDGN1_ciat_12","201397PDGN1_ciat_rep1_CPDCR5B-096_80","CPDCR5B-096",1,NA,NA,NA,NA,NA,NA,NA,NA,NA,NA,NA,31.5725055069769,49.9009816049911,38.8888888888889,0.557142857142857
2013,"201397PDGN1_ciat_12","201397PDGN1_ciat_rep1_CPDCR5B-102_99","CPDCR5B-102",1,NA,NA,NA,NA,NA,NA,NA,NA,NA,NA,NA,31.6797133001007,266.269293753671,23.9583333333333,0.630434782608696
2013,"201397PDGN1_ciat_12","201397PDGN1_ciat_rep1_CPDCR5B-109_39","CPDCR5B-109",1,NA,NA,NA,NA,NA,NA,NA,NA,NA,NA,NA,43.2534146470233,102.799387850494,21.5277777777778,2.71428571428571
2014,"201495PDGN1_ciat_12","201495PDGN1_ciat_rep1_B1PD280-008_15","B1PD280-008",1,NA,NA,NA,NA,NA,NA,NA,NA,NA,NA,NA,44.8897884946903,102.53378835039,13.0208333333333,5.7962962962963
2014,"201495PDGN1_ciat_12","201495PDGN1_ciat_rep1_B1PD280-040_6","B1PD280-040",1,NA,NA,NA,NA,NA,NA,NA,NA,NA,NA,NA,38.5315146242544,88.6050169871233,12.1527777777778,2.32142857142857
2014,"201495PDGN1_ciat_12","201495PDGN1_ciat_rep1_C4_103","C4",1,NA,NA,NA,NA,NA,NA,NA,NA,NA,NA,NA,43.4727363859726,54.27662772175,33.8541666666667,7.44444444444444
2014,"201495PDGN1_ciat_12","201495PDGN1_ciat_rep1_CPDCR1B-008_3","CPDCR1B-008",1,NA,NA,NA,NA,NA,NA,NA,NA,NA,NA,NA,46.9612498027348,81.2567675277622,10.4166666666667,8.54285714285714
2014,"201495PDGN1_ciat_12","201495PDGN1_ciat_rep1_CPDCR1B-013_42","CPDCR1B-013",1,NA,NA,NA,NA,NA,NA,NA,NA,NA,NA,NA,37.2003712170254,169.874462500355,27.7777777777778,1.63636363636364
2014,"201495PDGN1_ciat_12","201495PDGN1_ciat_rep1_CPDCR1B-015_89","CPDCR1B-015",1,NA,NA,NA,NA,NA,NA,NA,NA,NA,NA,NA,40.1311355524722,83.9986516543895,14.3229166666667,7.03846153846154
2014,"201495PDGN1_ciat_12","201495PDGN1_ciat_rep1_CPDCR1B-019_4","CPDCR1B-019",1,NA,NA,NA,NA,NA,NA,NA,NA,NA,NA,NA,40.5337128087676,49.1218855636908,26.9097222222222,3.97959183673469
2014,"201495PDGN1_ciat_12","201495PDGN1_ciat_rep1_CPDCR1B-026_22","CPDCR1B-026",1,NA,NA,NA,NA,NA,NA,NA,NA,NA,NA,NA,39.38216,117.2303,19.09722,4.40579710144928
2014,"201495PDGN1_ciat_12","201495PDGN1_ciat_rep1_CPDCR1B-027_35","CPDCR1B-027",1,NA,NA,NA,NA,NA,NA,NA,NA,NA,NA,NA,41.76381,50.76702,19.96528,3.79166666666667
2014,"201495PDGN1_ciat_12","201495PDGN1_ciat_rep1_CPDCR1B-028_17","CPDCR1B-028",1,NA,NA,NA,NA,NA,NA,NA,NA,NA,NA,NA,41.17792,103.1918,26.90972,6.48648648648649
2014,"201495PDGN1_ciat_12","201495PDGN1_ciat_rep1_CPDCR1B-034_11","CPDCR1B-034",1,NA,NA,NA,NA,NA,NA,NA,NA,NA,NA,NA,43.7062,169.8745,31.25,4.32352941176471
2014,"201495PDGN1_ciat_12","201495PDGN1_ciat_rep1_CPDCR1B-043_28","CPDCR1B-043",1,NA,NA,NA,NA,NA,NA,NA,NA,NA,NA,NA,45.79249,42.87039,23.4375,8.27536231884058
2014,"201495PDGN1_ciat_12","201495PDGN1_ciat_rep1_CPDCR1B-046_43","CPDCR1B-046",1,NA,NA,NA,NA,NA,NA,NA,NA,NA,NA,NA,32.64094,75.44397,23.4375,0.880952380952381
2014,"201495PDGN1_ciat_12","201495PDGN1_ciat_rep1_CPDCR1B-048_10","CPDCR1B-048",1,NA,NA,NA,NA,NA,NA,NA,NA,NA,NA,NA,39.57475,156.165,34.72222,5.20967741935484
2014,"201495PDGN1_ciat_12","201495PDGN1_ciat_rep1_CPDCR1B-052_12","CPDCR1B-052",1,NA,NA,NA,NA,NA,NA,NA,NA,NA,NA,NA,35.06058,120.1915,22.56944,3.71428571428571
2014,"201495PDGN1_ciat_12","201495PDGN1_ciat_rep1_CPDCR1B-054_27","CPDCR1B-054",1,NA,NA,NA,NA,NA,NA,NA,NA,NA,NA,NA,43.19282,111.8562,41.66667,6.85294117647059
2014,"201495PDGN1_ciat_12","201495PDGN1_ciat_rep1_CPDCR1B-062_18","CPDCR1B-062",1,NA,NA,NA,NA,NA,NA,NA,NA,NA,NA,NA,38.55259,149.4748,31.25,3.91935483870968
2014,"201495PDGN1_ciat_12","201495PDGN1_ciat_rep1_CPDCR1B-064_13","CPDCR1B-064",1,NA,NA,NA,NA,NA,NA,NA,NA,NA,NA,NA,45.65758,102.2048,35.59028,7.61194029850746
2014,"201495PDGN1_ciat_12","201495PDGN1_ciat_rep1_CPDCR1B-065_84","CPDCR1B-065",1,NA,NA,NA,NA,NA,NA,NA,NA,NA,NA,NA,37.55368,36.50922,11.71875,3.25
2014,"201495PDGN1_ciat_12","201495PDGN1_ciat_rep1_CPDCR1B-068_25","CPDCR1B-068",1,NA,NA,NA,NA,NA,NA,NA,NA,NA,NA,NA,43.74182,55.92176,35.59028,7.83823529411765
2014,"201495PDGN1_ciat_12","201495PDGN1_ciat_rep1_CPDCR1B-074_38","CPDCR1B-074",1,NA,NA,NA,NA,NA,NA,NA,NA,NA,NA,NA,39.62559,218.68,48.61111,5.64705882352941
2014,"201495PDGN1_ciat_12","201495PDGN1_ciat_rep1_CPDCR1B-075_100","CPDCR1B-075",1,NA,NA,NA,NA,NA,NA,NA,NA,NA,NA,NA,41.86655,89.81145,19.09722,3.98412698412698
2014,"201495PDGN1_ciat_12","201495PDGN1_ciat_rep1_CPDCR1B-076_9","CPDCR1B-076",1,NA,NA,NA,NA,NA,NA,NA,NA,NA,NA,NA,47.10412,187.3128,27.77778,8.02898550724638
2014,"201495PDGN1_ciat_12","201495PDGN1_ciat_rep1_CPDCR1B-078_24","CPDCR1B-078",1,NA,NA,NA,NA,NA,NA,NA,NA,NA,NA,NA,38.74241,32.78026,12.15278,4.51851851851852
2014,"201495PDGN1_ciat_12","201495PDGN1_ciat_rep1_CPDCR1B-080_20","CPDCR1B-080",1,NA,NA,NA,NA,NA,NA,NA,NA,NA,NA,NA,37.57139,146.6233,30.38194,2.65217391304348
2014,"201495PDGN1_ciat_12","201495PDGN1_ciat_rep1_CPDCR5B-016_53","CPDCR5B-016",1,NA,NA,NA,NA,NA,NA,NA,NA,NA,NA,NA,36.12975,25.85803,46.875,NA
2014,"201495PDGN1_ciat_12","201495PDGN1_ciat_rep1_CPDCR5B-036_102","CPDCR5B-036",1,NA,NA,NA,NA,NA,NA,NA,NA,NA,NA,NA,35.84891,101.2177,36.45833,1.31428571428571
2014,"201495PDGN1_ciat_12","201495PDGN1_ciat_rep1_CPDCR5B-041_73","CPDCR5B-041",1,NA,NA,NA,NA,NA,NA,NA,NA,NA,NA,NA,43.17523,70.28923,25.17361,3.62857142857143
2014,"201495PDGN1_ciat_12","201495PDGN1_ciat_rep1_CPDCR5B-043_50","CPDCR5B-043",1,NA,NA,NA,NA,NA,NA,NA,NA,NA,NA,NA,36.23889,17.09668,32.55208,0.2
2014,"201495PDGN1_ciat_12","201495PDGN1_ciat_rep1_CPDCR5B-053_88","CPDCR5B-053",1,NA,NA,NA,NA,NA,NA,NA,NA,NA,NA,NA,36.22694,10.95486,5.208333,NA
2014,"201495PDGN1_ciat_12","201495PDGN1_ciat_rep1_CPDCR5B-069A_87","CPDCR5B-069A",1,NA,NA,NA,NA,NA,NA,NA,NA,NA,NA,NA,36.08812,39.79948,32.11806,2.27272727272727
2014,"201495PDGN1_ciat_12","201495PDGN1_ciat_rep1_CPDCR5B-096_80","CPDCR5B-096",1,NA,NA,NA,NA,NA,NA,NA,NA,NA,NA,NA,33.18037,13.80642,28.64583,3.94202898550725
2014,"201495PDGN1_ciat_12","201495PDGN1_ciat_rep1_CPDCR5B-102_99","CPDCR5B-102",1,NA,NA,NA,NA,NA,NA,NA,NA,NA,NA,NA,37.20643,50.32831,32.11806,3.17460317460317
2014,"201495PDGN1_ciat_12","201495PDGN1_ciat_rep1_CPDCR5B-109_39","CPDCR5B-109",1,NA,NA,NA,NA,NA,NA,NA,NA,NA,NA,NA,43.67732,161.6488,26.90972,4.35294117647059
2016,"201678PDGN1_ciat_12","201678PDGN1_ciat_rep1_AM206-5_107","AM206-5",1,NA,NA,NA,NA,NA,NA,NA,NA,NA,NA,NA,41.29111,NA,18.22917,5.09677419354839
2016,"201678PDGN1_ciat_12","201678PDGN1_ciat_rep1_CM523-7_105","CM523-7_is_Catumare",1,NA,NA,NA,NA,NA,NA,NA,NA,NA,NA,NA,41.22515,NA,26.04167,4.675
2016,"201678PDGN1_ciat_12","201678PDGN1_ciat_rep1_COL22_106","COL22",1,NA,NA,NA,NA,NA,NA,NA,NA,NA,NA,NA,38.42724,NA,10.41667,1.24
2016,"201678PDGN1_ciat_12","201678PDGN1_ciat_rep1_CPDCR1B-013_42","CPDCR1B-013",1,NA,NA,NA,NA,NA,NA,NA,NA,NA,NA,NA,43.89016,NA,11.71875,8.73076923076923
2016,"201678PDGN1_ciat_12","201678PDGN1_ciat_rep1_CPDCR1B-019_4","CPDCR1B-019",1,NA,NA,NA,NA,NA,NA,NA,NA,NA,NA,NA,39.71288,NA,16.92708,6.23076923076923
2016,"201678PDGN1_ciat_12","201678PDGN1_ciat_rep1_CPDCR1B-026_22","CPDCR1B-026",1,NA,NA,NA,NA,NA,NA,NA,NA,NA,NA,NA,42.69784,NA,13.02083,4.65714285714286
2016,"201678PDGN1_ciat_12","201678PDGN1_ciat_rep1_CPDCR1B-028_17","CPDCR1B-028",1,NA,NA,NA,NA,NA,NA,NA,NA,NA,NA,NA,41.76147,NA,18.22917,3.50847457627119
2016,"201678PDGN1_ciat_12","201678PDGN1_ciat_rep1_CPDCR1B-034_11","CPDCR1B-034",1,NA,NA,NA,NA,NA,NA,NA,NA,NA,NA,NA,42.99687,NA,29.94792,7
2016,"201678PDGN1_ciat_12","201678PDGN1_ciat_rep1_CPDCR1B-046_43","CPDCR1B-046",1,NA,NA,NA,NA,NA,NA,NA,NA,NA,NA,NA,37.84011,NA,7.8125,NA
2016,"201678PDGN1_ciat_12","201678PDGN1_ciat_rep1_CPDCR1B-048_10","CPDCR1B-048",1,NA,NA,NA,NA,NA,NA,NA,NA,NA,NA,NA,41.74848,NA,48.17708,3.37704918032787
2016,"201678PDGN1_ciat_12","201678PDGN1_ciat_rep1_CPDCR1B-052_12","CPDCR1B-052",1,NA,NA,NA,NA,NA,NA,NA,NA,NA,NA,NA,38.2155,NA,42.96875,3.01639344262295
2016,"201678PDGN1_ciat_12","201678PDGN1_ciat_rep1_CPDCR1B-054_27","CPDCR1B-054",1,NA,NA,NA,NA,NA,NA,NA,NA,NA,NA,NA,42.54346,NA,40.36458,4
2016,"201678PDGN1_ciat_12","201678PDGN1_ciat_rep1_CPDCR1B-062_18","CPDCR1B-062",1,NA,NA,NA,NA,NA,NA,NA,NA,NA,NA,NA,41.39827,NA,41.66667,2.88135593220339
2016,"201678PDGN1_ciat_12","201678PDGN1_ciat_rep1_CPDCR1B-064_13","CPDCR1B-064",1,NA,NA,NA,NA,NA,NA,NA,NA,NA,NA,NA,42.01833,NA,20.83333,4.62264150943396
2016,"201678PDGN1_ciat_12","201678PDGN1_ciat_rep1_CPDCR1B-074_38","CPDCR1B-074",1,NA,NA,NA,NA,NA,NA,NA,NA,NA,NA,NA,40.05612,NA,19.53125,2.45
2016,"201678PDGN1_ciat_12","201678PDGN1_ciat_rep1_CPDCR1B-075_100","CPDCR1B-075",1,NA,NA,NA,NA,NA,NA,NA,NA,NA,NA,NA,39.99052,NA,14.32292,NA
2016,"201678PDGN1_ciat_12","201678PDGN1_ciat_rep1_CPDCR1B-076_9","CPDCR1B-076",1,NA,NA,NA,NA,NA,NA,NA,NA,NA,NA,NA,46.23479,NA,16.92708,6.53846153846154
2016,"201678PDGN1_ciat_12","201678PDGN1_ciat_rep1_CPDCR1B-080_20","CPDCR1B-080",1,NA,NA,NA,NA,NA,NA,NA,NA,NA,NA,NA,36.68473,NA,63.80208,0.835820895522388
2016,"201678PDGN1_ciat_12","201678PDGN1_ciat_rep1_CPDCR5B-036_102","CPDCR5B-036",1,NA,NA,NA,NA,NA,NA,NA,NA,NA,NA,NA,37.96655,NA,19.53125,1.01923076923077
2016,"201678PDGN1_ciat_12","201678PDGN1_ciat_rep1_CPDCR5B-055_72","CPDCR5B-055",1,NA,NA,NA,NA,NA,NA,NA,NA,NA,NA,NA,42.77838,NA,24.73958,1.04
2016,"201678PDGN1_ciat_12","201678PDGN1_ciat_rep1_CPDCR5B-102_99","CPDCR5B-102",1,NA,NA,NA,NA,NA,NA,NA,NA,NA,NA,NA,37.17656,NA,19.53125,1.03846153846154
2016,"201678PDGN1_ciat_12","201678PDGN1_ciat_rep1_CPDCR5B-109_39","CPDCR5B-109",1,NA,NA,NA,NA,NA,NA,NA,NA,NA,NA,NA,44.01562,NA,22.13542,9.08333333333333
2016,"201678PDGN1_ciat_12","201678PDGN1_ciat_rep1_HMC1_108","HMC1P12_is_HMC1",1,NA,NA,NA,NA,NA,NA,NA,NA,NA,NA,NA,41.39038,NA,44.27083,1.55072463768116
2016,"201678PDGN1_ciat_12","201678PDGN1_ciat_rep1_PER183_104","PER183",1,NA,NA,NA,NA,NA,NA,NA,NA,NA,NA,NA,38.90875,NA,76.82292,0.0869565217391304
2022,"2015101PDGN1_ciat_12","2015101PDGN1_ciat_rep1_B1PD280-008_15","B1PD280-008",1,NA,NA,NA,NA,NA,NA,NA,NA,NA,NA,NA,39.66109,57.33135,NA,1.24444444444444
2022,"2015101PDGN1_ciat_12","2015101PDGN1_ciat_rep1_B1PD280-040_6","B1PD280-040",1,NA,NA,NA,NA,NA,NA,NA,NA,NA,NA,NA,36.74505,62.20676,NA,2.03571428571429
2022,"2015101PDGN1_ciat_12","2015101PDGN1_ciat_rep1_C4_103","C4",1,NA,NA,NA,NA,NA,NA,NA,NA,NA,NA,60,30.72291,36.814,NA,3.41304347826087
2022,"2015101PDGN1_ciat_12","2015101PDGN1_ciat_rep1_CPDCR1B-008_3","CPDCR1B-008",1,NA,NA,NA,NA,NA,NA,NA,NA,NA,NA,40,43.32336,82.92725,NA,4.82352941176471
2022,"2015101PDGN1_ciat_12","2015101PDGN1_ciat_rep1_CPDCR1B-013_42","CPDCR1B-013",1,NA,NA,NA,NA,NA,NA,NA,NA,NA,NA,NA,39.46001,85.97438,NA,2.7741935483871
2022,"2015101PDGN1_ciat_12","2015101PDGN1_ciat_rep1_CPDCR1B-015_89","CPDCR1B-015",1,NA,NA,NA,NA,NA,NA,NA,NA,NA,NA,28,36.97893,43.92397,NA,3.53191489361702
2022,"2015101PDGN1_ciat_12","2015101PDGN1_ciat_rep1_CPDCR1B-019_4","CPDCR1B-019",1,NA,NA,NA,NA,NA,NA,NA,NA,NA,NA,60,36.97346,69.62144,NA,2.61290322580645
2022,"2015101PDGN1_ciat_12","2015101PDGN1_ciat_rep1_CPDCR1B-026_22","CPDCR1B-026",1,NA,NA,NA,NA,NA,NA,NA,NA,NA,NA,NA,34.78396,65.15232,NA,1.37837837837838
2022,"2015101PDGN1_ciat_12","2015101PDGN1_ciat_rep1_CPDCR1B-027_35","CPDCR1B-027",1,NA,NA,NA,NA,NA,NA,NA,NA,NA,NA,25,34.79509,55.80778,NA,1.42857142857143
2022,"2015101PDGN1_ciat_12","2015101PDGN1_ciat_rep1_CPDCR1B-028_17","CPDCR1B-028",1,NA,NA,NA,NA,NA,NA,NA,NA,NA,NA,NA,40.74742,79.77855,NA,NA
2022,"2015101PDGN1_ciat_12","2015101PDGN1_ciat_rep1_CPDCR1B-034_11","CPDCR1B-034",1,NA,NA,NA,NA,NA,NA,NA,NA,NA,NA,NA,36.82596,115.9378,NA,2.07692307692308
2022,"2015101PDGN1_ciat_12","2015101PDGN1_ciat_rep1_CPDCR1B-043_28","CPDCR1B-043",1,NA,NA,NA,NA,NA,NA,NA,NA,NA,NA,44,40.01502,38.64227,NA,2.69090909090909
2022,"2015101PDGN1_ciat_12","2015101PDGN1_ciat_rep1_CPDCR1B-046_43","CPDCR1B-046",1,NA,NA,NA,NA,NA,NA,NA,NA,NA,NA,NA,29.70104,74.29371,NA,0.573529411764706
2022,"2015101PDGN1_ciat_12","2015101PDGN1_ciat_rep1_CPDCR1B-048_10","CPDCR1B-048",1,NA,NA,NA,NA,NA,NA,NA,NA,NA,NA,NA,36.60302,110.3514,NA,3.06666666666667
2022,"2015101PDGN1_ciat_12","2015101PDGN1_ciat_rep1_CPDCR1B-052_12","CPDCR1B-052",1,NA,NA,NA,NA,NA,NA,NA,NA,NA,NA,NA,37.76154,95.7252,NA,0.7
2022,"2015101PDGN1_ciat_12","2015101PDGN1_ciat_rep1_CPDCR1B-054_27","CPDCR1B-054",1,NA,NA,NA,NA,NA,NA,NA,NA,NA,NA,NA,40.45651,94.20164,NA,2.47540983606557
2022,"2015101PDGN1_ciat_12","2015101PDGN1_ciat_rep1_CPDCR1B-062_18","CPDCR1B-062",1,NA,NA,NA,NA,NA,NA,NA,NA,NA,NA,NA,36.08316,104.2572,NA,5.04761904761905
2022,"2015101PDGN1_ciat_12","2015101PDGN1_ciat_rep1_CPDCR1B-064_13","CPDCR1B-064",1,NA,NA,NA,NA,NA,NA,NA,NA,NA,NA,NA,40.57815,113.7033,NA,4
2022,"2015101PDGN1_ciat_12","2015101PDGN1_ciat_rep1_CPDCR1B-065_84","CPDCR1B-065",1,NA,NA,NA,NA,NA,NA,NA,NA,NA,NA,60,29.7395,27.6726,NA,0.971428571428571
2022,"2015101PDGN1_ciat_12","2015101PDGN1_ciat_rep1_CPDCR1B-068_25","CPDCR1B-068",1,NA,NA,NA,NA,NA,NA,NA,NA,NA,NA,33,42.52027,58.04234,NA,4.19117647058824
2022,"2015101PDGN1_ciat_12","2015101PDGN1_ciat_rep1_CPDCR1B-074_38","CPDCR1B-074",1,NA,NA,NA,NA,NA,NA,NA,NA,NA,NA,NA,37.40057,138.2835,NA,5.16666666666667
2022,"2015101PDGN1_ciat_12","2015101PDGN1_ciat_rep1_CPDCR1B-075_100","CPDCR1B-075",1,NA,NA,NA,NA,NA,NA,NA,NA,NA,NA,NA,33.67457,32.85272,NA,0.272727272727273
2022,"2015101PDGN1_ciat_12","2015101PDGN1_ciat_rep1_CPDCR1B-076_9","CPDCR1B-076",1,NA,NA,NA,NA,NA,NA,NA,NA,NA,NA,NA,41.74191,137.674,NA,6.68292682926829
2022,"2015101PDGN1_ciat_12","2015101PDGN1_ciat_rep1_CPDCR1B-078_24","CPDCR1B-078",1,NA,NA,NA,NA,NA,NA,NA,NA,NA,NA,55,37.01128,25.94589,NA,0.923076923076923
2022,"2015101PDGN1_ciat_12","2015101PDGN1_ciat_rep1_CPDCR1B-080_20","CPDCR1B-080",1,NA,NA,NA,NA,NA,NA,NA,NA,NA,NA,NA,36.1012,105.5776,NA,1.16981132075472
2022,"2015101PDGN1_ciat_12","2015101PDGN1_ciat_rep1_CPDCR5B-016_53","CPDCR5B-016",1,NA,NA,NA,NA,NA,NA,NA,NA,NA,NA,47,33.8761,38.89069,NA,5.66666666666667
2022,"2015101PDGN1_ciat_12","2015101PDGN1_ciat_rep1_CPDCR5B-036_102","CPDCR5B-036",1,NA,NA,NA,NA,NA,NA,NA,NA,NA,NA,NA,37.14772,59.66748,NA,0.208955223880597
2022,"2015101PDGN1_ciat_12","2015101PDGN1_ciat_rep1_CPDCR5B-041_73","CPDCR5B-041",1,NA,NA,NA,NA,NA,NA,NA,NA,NA,NA,52,39.13984,18.02335,NA,0.666666666666667
2022,"2015101PDGN1_ciat_12","2015101PDGN1_ciat_rep1_CPDCR5B-043_50","CPDCR5B-043",1,NA,NA,NA,NA,NA,NA,NA,NA,NA,NA,44,32.11779,39.2517,NA,3.125
2022,"2015101PDGN1_ciat_12","2015101PDGN1_ciat_rep1_CPDCR5B-053_88","CPDCR5B-053",1,NA,NA,NA,NA,NA,NA,NA,NA,NA,NA,60,28.72341,13.24951,NA,0.4
2022,"2015101PDGN1_ciat_12","2015101PDGN1_ciat_rep1_CPDCR5B-055_72","CPDCR5B-055",1,NA,NA,NA,NA,NA,NA,NA,NA,NA,NA,NA,35.43773,32.14173,NA,1.17142857142857
2022,"2015101PDGN1_ciat_12","2015101PDGN1_ciat_rep1_CPDCR5B-069A_87","CPDCR5B-069A",1,NA,NA,NA,NA,NA,NA,NA,NA,NA,NA,60,27.70505,14.36679,NA,0.857142857142857
2022,"2015101PDGN1_ciat_12","2015101PDGN1_ciat_rep1_CPDCR5B-096_80","CPDCR5B-096",1,NA,NA,NA,NA,NA,NA,NA,NA,NA,NA,60,31.35204,11.82752,NA,2.38095238095238
2022,"2015101PDGN1_ciat_12","2015101PDGN1_ciat_rep1_CPDCR5B-102_99","CPDCR5B-102",1,NA,NA,NA,NA,NA,NA,NA,NA,NA,NA,NA,27.17992,23.50819,NA,0.936507936507937
2022,"2015101PDGN1_ciat_12","2015101PDGN1_ciat_rep1_CPDCR5B-109_39","CPDCR5B-109",1,NA,NA,NA,NA,NA,NA,NA,NA,NA,NA,NA,39.15015,98.97548,NA,2.47058823529412
2016,"201682PDGN1_ciat_12","201682PDGN1_ciat_rep1_AM206-5_20","AM206-5",1,NA,NA,NA,NA,NA,NA,NA,NA,NA,NA,25,40.02184,NA,44.27083,0.290322580645161
2016,"201682PDGN1_ciat_12","201682PDGN1_ciat_rep1_B1PD280-008_3","B1PD280-008",1,NA,NA,NA,NA,NA,NA,NA,NA,NA,NA,30,40.86753,NA,49.47917,1.74285714285714
2016,"201682PDGN1_ciat_12","201682PDGN1_ciat_rep1_B1PD280-040_2","B1PD280-040",1,NA,NA,NA,NA,NA,NA,NA,NA,NA,NA,NA,NA,NA,3.255208,NA
2016,"201682PDGN1_ciat_12","201682PDGN1_ciat_rep1_C4_16","C4",1,NA,NA,NA,NA,NA,NA,NA,NA,NA,NA,NA,41.91314,NA,10.9375,3.5625
2016,"201682PDGN1_ciat_12","201682PDGN1_ciat_rep1_CM523-7_18","CM523-7_is_Catumare",1,NA,NA,NA,NA,NA,NA,NA,NA,NA,NA,20,36.21434,NA,31.77083,2.05970149253731
2016,"201682PDGN1_ciat_12","201682PDGN1_ciat_rep1_COL22_19","COL22",1,NA,NA,NA,NA,NA,NA,NA,NA,NA,NA,60,29.37241,NA,26.04167,1.015625
2016,"201682PDGN1_ciat_12","201682PDGN1_ciat_rep1_CPDCR1B-008_1","CPDCR1B-008",1,NA,NA,NA,NA,NA,NA,NA,NA,NA,NA,20,44.05286,NA,32.11806,6.8030303030303
2016,"201682PDGN1_ciat_12","201682PDGN1_ciat_rep1_CPDCR1B-015_15","CPDCR1B-015",1,NA,NA,NA,NA,NA,NA,NA,NA,NA,NA,20,41.32181,NA,23.4375,2.234375
2016,"201682PDGN1_ciat_12","201682PDGN1_ciat_rep1_CPDCR1B-027_7","CPDCR1B-027",1,NA,NA,NA,NA,NA,NA,NA,NA,NA,NA,30,41.76039,NA,25.17361,8.71428571428571
2016,"201682PDGN1_ciat_12","201682PDGN1_ciat_rep1_CPDCR1B-043_6","CPDCR1B-043",1,NA,NA,NA,NA,NA,NA,NA,NA,NA,NA,15,43.27748,NA,16.49306,5.22857142857143
2016,"201682PDGN1_ciat_12","201682PDGN1_ciat_rep1_CPDCR1B-065_12","CPDCR1B-065",1,NA,NA,NA,NA,NA,NA,NA,NA,NA,NA,30,38.4678,NA,22.13542,1.3030303030303
2016,"201682PDGN1_ciat_12","201682PDGN1_ciat_rep1_CPDCR1B-068_5","CPDCR1B-068",1,NA,NA,NA,NA,NA,NA,NA,NA,NA,NA,20,42.94888,NA,23.4375,5.07142857142857
2016,"201682PDGN1_ciat_12","201682PDGN1_ciat_rep1_CPDCR1B-078_4","CPDCR1B-078",1,NA,NA,NA,NA,NA,NA,NA,NA,NA,NA,30,40.55292,NA,37.32639,4.61702127659574
2016,"201682PDGN1_ciat_12","201682PDGN1_ciat_rep1_CPDCR5B-016_9","CPDCR5B-016",1,NA,NA,NA,NA,NA,NA,NA,NA,NA,NA,25,37.38766,NA,24.30556,8.36842105263158
2016,"201682PDGN1_ciat_12","201682PDGN1_ciat_rep1_CPDCR5B-041_10","CPDCR5B-041",1,NA,NA,NA,NA,NA,NA,NA,NA,NA,NA,20,37.63723,NA,8.680556,NA
2016,"201682PDGN1_ciat_12","201682PDGN1_ciat_rep1_CPDCR5B-043_8","CPDCR5B-043",1,NA,NA,NA,NA,NA,NA,NA,NA,NA,NA,15,40.93457,NA,13.02083,8.63636363636364
2016,"201682PDGN1_ciat_12","201682PDGN1_ciat_rep1_CPDCR5B-069A_13","CPDCR5B-069A",1,NA,NA,NA,NA,NA,NA,NA,NA,NA,NA,20,31.49305,NA,25.52083,0.491228070175439
2016,"201682PDGN1_ciat_12","201682PDGN1_ciat_rep1_CPDCR5B-096_11","CPDCR5B-096",1,NA,NA,NA,NA,NA,NA,NA,NA,NA,NA,20,33.03956,NA,35.59028,1.78571428571429
2016,"201682PDGN1_ciat_12","201682PDGN1_ciat_rep1_HMC1_21","HMC1P12_is_HMC1",1,NA,NA,NA,NA,NA,NA,NA,NA,NA,NA,20,39.3604,NA,78.99306,1.1969696969697
2016,"201682PDGN1_ciat_12","201682PDGN1_ciat_rep1_PER183_17","PER183",1,NA,NA,NA,NA,NA,NA,NA,NA,NA,NA,20,36.8169,NA,38.41146,0.145161290322581
2012,"201280PDGN1_ciat_12","201280PDGN1_ciat_rep1_B1PD280-008_149","B1PD280-040",1,NA,NA,NA,NA,NA,NA,NA,NA,NA,NA,NA,33.83048,128.6484,25.69444,0.695652173913043
2012,"201280PDGN1_ciat_12","201280PDGN1_ciat_rep1_B1PD280-040_101","B1PD280-008",1,NA,NA,NA,NA,NA,NA,NA,NA,NA,NA,NA,31.29811,71.02676,11.11111,1.31914893617021
2012,"201280PDGN1_ciat_12","201280PDGN1_ciat_rep1_CPDCR1B-008_70","CPDCR1B-008",1,NA,NA,NA,NA,NA,NA,NA,NA,NA,NA,NA,38.60724,82.4703,18.75,0.971014492753623
2012,"201280PDGN1_ciat_12","201280PDGN1_ciat_rep1_CPDCR1B-013_320","CPDCR1B-013",1,NA,NA,NA,NA,NA,NA,NA,NA,NA,NA,NA,42.27972,156.0752,33.33333,2.21739130434783
2012,"201280PDGN1_ciat_12","201280PDGN1_ciat_rep1_CPDCR1B-015_502","CPDCR1B-015",1,NA,NA,NA,NA,NA,NA,NA,NA,NA,NA,NA,38.13061,88.12725,29.51389,2.65671641791045
2012,"201280PDGN1_ciat_12","201280PDGN1_ciat_rep1_CPDCR1B-019_79","CPDCR1B-019",1,NA,NA,NA,NA,NA,NA,NA,NA,NA,NA,NA,36.89699,143.7286,27.43056,2.83333333333333
2012,"201280PDGN1_ciat_12","201280PDGN1_ciat_rep1_CPDCR1B-026_216","CPDCR1B-026",1,NA,NA,NA,NA,NA,NA,NA,NA,NA,NA,NA,33.7709,174.8948,26.73611,1.38235294117647
2012,"201280PDGN1_ciat_12","201280PDGN1_ciat_rep1_CPDCR1B-027_300","CPDCR1B-027",1,NA,NA,NA,NA,NA,NA,NA,NA,NA,NA,NA,35.77672,101.6704,22.91667,1.62068965517241
2012,"201280PDGN1_ciat_12","201280PDGN1_ciat_rep1_CPDCR1B-028_181","CPDCR1B-028",1,NA,NA,NA,NA,NA,NA,NA,NA,NA,NA,NA,33.81583,122.9852,26.04167,1.33333333333333
2012,"201280PDGN1_ciat_12","201280PDGN1_ciat_rep1_CPDCR1B-034_136","CPDCR1B-034",1,NA,NA,NA,NA,NA,NA,NA,NA,NA,NA,NA,34.47927,171.6221,29.51389,3.62295081967213
2012,"201280PDGN1_ciat_12","201280PDGN1_ciat_rep1_CPDCR1B-043_237","CPDCR1B-043",1,NA,NA,NA,NA,NA,NA,NA,NA,NA,NA,NA,29.16343,35.90475,24.65278,0.903225806451613
2012,"201280PDGN1_ciat_12","201280PDGN1_ciat_rep1_CPDCR1B-046_321","CPDCR1B-046",1,NA,NA,NA,NA,NA,NA,NA,NA,NA,NA,NA,39.68044,243.335,24.65278,1.94029850746269
2012,"201280PDGN1_ciat_12","201280PDGN1_ciat_rep1_CPDCR1B-048_121","CPDCR1B-048",1,NA,NA,NA,NA,NA,NA,NA,NA,NA,NA,NA,34.31875,123.672,22.56944,1.88888888888889
2012,"201280PDGN1_ciat_12","201280PDGN1_ciat_rep1_CPDCR1B-052_139","CPDCR1B-052",1,NA,NA,NA,NA,NA,NA,NA,NA,NA,NA,NA,31.93096,184.5573,40.97222,0.6875
2012,"201280PDGN1_ciat_12","201280PDGN1_ciat_rep1_CPDCR1B-054_236","CPDCR1B-054",1,NA,NA,NA,NA,NA,NA,NA,NA,NA,NA,NA,32.94265,110.5205,34.72222,1.98412698412698
2012,"201280PDGN1_ciat_12","201280PDGN1_ciat_rep1_CPDCR1B-062_185","CPDCR1B-062",1,NA,NA,NA,NA,NA,NA,NA,NA,NA,NA,NA,34.84582,154.9688,25.34722,2.21875
2012,"201280PDGN1_ciat_12","201280PDGN1_ciat_rep1_CPDCR1B-064_147","CPDCR1B-064",1,NA,NA,NA,NA,NA,NA,NA,NA,NA,NA,NA,36.07955,112.9198,45.48611,0.447761194029851
2012,"201280PDGN1_ciat_12","201280PDGN1_ciat_rep1_CPDCR1B-065_472","CPDCR1B-065",1,NA,NA,NA,NA,NA,NA,NA,NA,NA,NA,NA,27.98841,54.07588,20.83333,0.9
2012,"201280PDGN1_ciat_12","201280PDGN1_ciat_rep1_CPDCR1B-068_232","CPDCR1B-068",1,NA,NA,NA,NA,NA,NA,NA,NA,NA,NA,NA,41.49122,81.48599,18.05556,1.984375
2012,"201280PDGN1_ciat_12","201280PDGN1_ciat_rep1_CPDCR1B-074_315","CPDCR1B-074",1,NA,NA,NA,NA,NA,NA,NA,NA,NA,NA,NA,35.87861,335.9129,30.55556,3.52380952380952
2012,"201280PDGN1_ciat_12","201280PDGN1_ciat_rep1_CPDCR1B-075_536","CPDCR1B-075",1,NA,NA,NA,NA,NA,NA,NA,NA,NA,NA,NA,36.40417,58.76131,32.98611,2.03030303030303
2012,"201280PDGN1_ciat_12","201280PDGN1_ciat_rep1_CPDCR1B-076_120","CPDCR1B-076",1,NA,NA,NA,NA,NA,NA,NA,NA,NA,NA,NA,37.84574,157.8792,22.56944,2.72307692307692
2012,"201280PDGN1_ciat_12","201280PDGN1_ciat_rep1_CPDCR1B-078_227","CPDCR1B-078",1,NA,NA,NA,NA,NA,NA,NA,NA,NA,NA,NA,36.37142,73.76425,21.52778,2.11666666666667
2012,"201280PDGN1_ciat_12","201280PDGN1_ciat_rep1_CPDCR1B-080_191","CPDCR1B-080",1,NA,NA,NA,NA,NA,NA,NA,NA,NA,NA,NA,37.54379,214.9508,32.98611,0.514705882352941
2012,"201280PDGN1_ciat_12","201280PDGN1_ciat_rep1_CPDCR5B-016_356","CPDCR5B-016",1,NA,NA,NA,NA,NA,NA,NA,NA,NA,NA,NA,34.48137,123.1627,34.02778,0.705882352941177
2012,"201280PDGN1_ciat_12","201280PDGN1_ciat_rep1_CPDCR5B-036_554","CPDCR5B-036",1,NA,NA,NA,NA,NA,NA,NA,NA,NA,NA,NA,36.74251,175.1696,31.94444,0.985294117647059
2012,"201280PDGN1_ciat_12","201280PDGN1_ciat_rep1_CPDCR5B-041_439","CPDCR5B-041",1,NA,NA,NA,NA,NA,NA,NA,NA,NA,NA,NA,36.02101,138.1894,22.56944,2.53968253968254
2012,"201280PDGN1_ciat_12","201280PDGN1_ciat_rep1_CPDCR5B-043_349","CPDCR5B-043",1,NA,NA,NA,NA,NA,NA,NA,NA,NA,NA,NA,31.82134,74.11051,23.95833,1.90196078431373
2012,"201280PDGN1_ciat_12","201280PDGN1_ciat_rep1_CPDCR5B-053_499","CPDCR5B-053",1,NA,NA,NA,NA,NA,NA,NA,NA,NA,NA,NA,32.01226,63.6066,34.375,2.19047619047619
2012,"201280PDGN1_ciat_12","201280PDGN1_ciat_rep1_CPDCR5B-055_438","CPDCR5B-055",1,NA,NA,NA,NA,NA,NA,NA,NA,NA,NA,NA,34.72496,183.4997,35.41667,1.83333333333333
2012,"201280PDGN1_ciat_12","201280PDGN1_ciat_rep1_CPDCR5B-069A_497","CPDCR5B-069A",1,NA,NA,NA,NA,NA,NA,NA,NA,NA,NA,NA,35.72477,87.65714,32.77778,2
2012,"201280PDGN1_ciat_12","201280PDGN1_ciat_rep1_CPDCR5B-096_456","CPDCR5B-096",1,NA,NA,NA,NA,NA,NA,NA,NA,NA,NA,NA,28.24086,62.55589,27.08333,1.80327868852459
2012,"201280PDGN1_ciat_12","201280PDGN1_ciat_rep1_CPDCR5B-102_528","CPDCR5B-102",1,NA,NA,NA,NA,NA,NA,NA,NA,NA,NA,NA,28.28827,129.251,42.36111,0.75
2012,"201280PDGN1_ciat_12","201280PDGN1_ciat_rep1_CPDCR5B-109_317","CPDCR5B-109",1,NA,NA,NA,NA,NA,NA,NA,NA,NA,NA,NA,32.89619,229.0343,48.26389,2.015625
